,X,Probable_LPS-producer,B3,X18,X42,X22,X9,B1,X10,B8,X20,B7,C,X39,B11,X4,B10,X29,X2,B9,X19,B5,X33,X16,X40,D,X1,X17,B6,X3,X27,X12,X15,B4,X7,B2,X26,X13,X34,X32,X36,X35,X6,X5,X37,X23,B,X11,X28,X24
1,D_0__Bacteria;D_1__Acidobacteria;D_2__Acidobacteriia;D_3__Acidobacteriales;D_4__Acidobacteriaceae(Subgroup1),Yes,0,0,0,0,0,0.001085069,0,0,0,0,0,0,0,0,0,0,0,0,0,0,0,0,0,0,0,0,0,0,0,0,0,0,0,0.001519097,0,0,0,0,0,0,0,0,0,0,0,0,0,0
2,D_0__Bacteria;D_1__Acidobacteria;D_2__Acidobacteriia;D_3__Acidobacteriales;D_4__uncultured,Yes,0,0,0,0,0,0,0,0,0,0,0,0,0,0,0,0,0,0,0,0,0,0,0,0,0,0,0,0,0,0,0,0,0,0.001085069,0,0,0,0,0,0,0,0,0,0,0,0,0,0
3,D_0__Bacteria;D_1__Acidobacteria;D_2__Acidobacteriia;D_3__Solibacterales;D_4__Solibacteraceae(Subgroup3),Yes,0,0,0,0,0,0,0,0,0,0,0,0,0,0,0,0,0,0,0,0,0,0,0,0,0,0,0,0,0,0.002387153,0,0,0,0.001085069,0,0,0,0,0,0,0,0,0,0,0,0,0,0
4,D_0__Bacteria;D_1__Acidobacteria;D_2__Blastocatellia(Subgroup4);D_3__Blastocatellales;D_4__Blastocatellaceae,Yes,0,0,0,0,0,0.001085069,0,0,0,0,0,0,0,0,0,0,0,0,0,0,0.002821181,0,0,0,0,0,0,0,0,0,0,0.000217014,0.000868056,0.001302083,0,0,0,0,0,0,0,0,0,0,0,0,0.000651042,0
5,D_0__Bacteria;D_1__Acidobacteria;D_2__Holophagae;D_3__Subgroup7;Ambiguous_taxa,Yes,0,0,0,0,0,0.001302083,0,0,0,0,0,0,0,0,0,0,0,0,0,0,0,0,0,0,0,0,0,0,0,0,0,0,0,0,0,0,0,0,0,0,0,0,0,0,0,0,0,0
6,D_0__Bacteria;D_1__Acidobacteria;D_2__Thermoanaerobaculia;D_3__Thermoanaerobaculales;D_4__Thermoanaerobaculaceae,Yes,0,0,0,0,0,0,0,0,0,0,0,0,0.000434028,0,0,0,0,0,0,0,0,0,0,0,0,0,0,0,0,0,0,0,0,0,0,0,0,0,0,0,0,0,0,0,0,0,0,0
7,D_0__Bacteria;D_1__Actinobacteria;D_2__Acidimicrobiia;D_3__IMCC26256;Ambiguous_taxa,No,0,0,0,0,0,0,0,0,0,0,0,0,0,0,0,0,0,0,0,0.000434028,0,0,0,0,0,0,0,0,0,0,0,0,0,0,0,0,0,0,0,0,0,0,0,0,0,0,0,0
8,D_0__Bacteria;D_1__Actinobacteria;D_2__Acidimicrobiia;D_3__Microtrichales;D_4__Iamiaceae,No,0,0,0,0,0,0,0,0.000868056,0,0,0,0,0,0,0,0,0,0,0,0,0,0,0,0,0,0,0,0,0,0,0,0,0,0,0,0,0,0,0,0,0,0,0,0,0,0,0,0
9,D_0__Bacteria;D_1__Actinobacteria;D_2__Acidimicrobiia;D_3__Microtrichales;D_4__Ilumatobacteraceae,No,0,0,0,0,0,0,0,0,0,0,0,0,0,0,0,0,0,0,0,0,0,0,0,0,0,0.000868056,0,0,0,0,0,0,0,0,0,0,0,0,0,0,0,0,0,0,0,0,0,0
10,D_0__Bacteria;D_1__Actinobacteria;D_2__Acidimicrobiia;D_3__uncultured;Ambiguous_taxa,No,0,0,0,0,0.000434028,0,0,0,0,0,0,0,0,0,0,0,0,0,0,0,0,0,0,0,0,0,0,0,0,0,0,0,0,0,0,0,0,0,0,0,0,0,0,0,0,0,0,0.000434028
11,D_0__Bacteria;D_1__Actinobacteria;D_2__Actinobacteria;D_3__Actinomycetales;D_4__Actinomycetaceae,No,0,0.022135417,0,0,0,0,0.00390625,0.000868056,0,0,0.000651042,0,0,0,0,0,0,0,0,0,0,0.000217014,0,0,0,0,0,0,0,0,0,0,0,0,0.000217014,0,0,0,0,0.003689236,0,0,0,0.000217014,0,0,0,0
12,D_0__Bacteria;D_1__Actinobacteria;D_2__Actinobacteria;D_3__Bifidobacteriales;D_4__Bifidobacteriaceae,No,0.019097222,0.064670139,0.050347222,0.09765625,0.012586806,0.013671875,0.114366319,0.019314236,0.074869792,0.006076389,0.041232639,0.045138889,0.008029514,0.001736111,0.000868056,0.001302083,0.007378472,0.011501736,0.161241319,0.018229167,0.051215278,0.021484375,0.010199653,0.000434028,0.003038194,0.013671875,0.056640625,0.000868056,0.028428819,0.062934028,0.000651042,0.003689236,0.030815972,0.020182292,0.035373264,0.014322917,0.057725694,0.028645833,0.021050347,0.076605903,0.035373264,0.019314236,0.008680556,0.032769097,0.053385417,0.000868056,0.029296875,0.013020833
13,D_0__Bacteria;D_1__Actinobacteria;D_2__Actinobacteria;D_3__Corynebacteriales;D_4__Corynebacteriaceae,No,0.00390625,0.002387153,0.004123264,0.001085069,0.000217014,0.001085069,0.050564236,0.001953125,0.042751736,0.004340278,0.005425347,0.023220486,0.000868056,0,0.000217014,0,0,0.039930556,0.020616319,0.000651042,0.004340278,0.003689236,0.000651042,0.000217014,0.001519097,0.179470486,0.001519097,0,0.026258681,0.008463542,0.000217014,0.000217014,0.003255208,0.002821181,0.000217014,0,0.006293403,0.000217014,0.001085069,0.003038194,0.003038194,0.001085069,0.000434028,0.000217014,0.031032986,0,0.008029514,0.000217014
14,D_0__Bacteria;D_1__Actinobacteria;D_2__Actinobacteria;D_3__Corynebacteriales;D_4__Dietziaceae,No,0,0,0,0,0,0,0,0,0,0,0.000434028,0,0,0,0,0,0,0,0,0,0,0,0,0,0,0,0,0,0,0,0,0,0,0,0,0,0,0,0,0,0,0,0,0,0,0,0,0
15,D_0__Bacteria;D_1__Actinobacteria;D_2__Actinobacteria;D_3__Corynebacteriales;D_4__Mycobacteriaceae,No,0,0,0,0,0.000868056,0,0,0,0,0,0,0,0,0,0,0,0,0,0,0,0,0,0,0.000217014,0,0,0,0,0,0,0,0,0,0,0,0,0,0,0,0,0,0,0,0,0,0,0,0.000434028
16,D_0__Bacteria;D_1__Actinobacteria;D_2__Actinobacteria;D_3__Corynebacteriales;D_4__Nocardiaceae,No,0.002170139,0.000651042,0,0,0.000868056,0,0.019314236,0.000651042,0.000434028,0,0,0,0.001953125,0,0,0,0,0,0,0.000651042,0.006076389,0.001953125,0.001736111,0,0.000217014,0,0,0.000217014,0,0,0,0,0.001302083,0.001953125,0,0,0,0,0,0,0.001953125,0,0,0,0.000217014,0,0.000868056,0.000217014
17,D_0__Bacteria;D_1__Actinobacteria;D_2__Actinobacteria;D_3__Frankiales;D_4__Frankiaceae,No,0,0,0,0,0,0,0,0,0,0,0,0,0,0,0,0,0,0,0,0,0,0,0,0,0,0,0,0,0,0,0,0,0,0.000651042,0,0,0,0,0,0,0,0,0,0,0,0,0,0
18,D_0__Bacteria;D_1__Actinobacteria;D_2__Actinobacteria;D_3__Frankiales;D_4__Geodermatophilaceae,No,0,0,0,0,0.000434028,0,0.002170139,0,0.000651042,0,0,0,0,0,0,0,0,0,0,0,0,0,0,0,0,0,0,0,0,0.002821181,0,0,0,0.000651042,0,0,0,0,0,0,0,0,0,0,0.001085069,0,0,0.000434028
19,D_0__Bacteria;D_1__Actinobacteria;D_2__Actinobacteria;D_3__Frankiales;D_4__uncultured,No,0,0,0,0,0.000651042,0,0,0,0,0,0,0,0,0,0,0,0,0,0,0,0,0,0,0,0,0,0,0,0,0,0,0,0,0,0,0,0,0,0,0,0,0,0,0,0,0,0,0.000434028
20,D_0__Bacteria;D_1__Actinobacteria;D_2__Actinobacteria;D_3__Frankiales;NA,No,0,0,0,0,0,0,0,0,0,0,0,0,0,0,0,0,0,0,0,0,0,0,0,0,0,0,0,0,0,0,0,0,0,0.000651042,0,0,0,0,0,0,0,0,0,0,0,0,0,0
21,D_0__Bacteria;D_1__Actinobacteria;D_2__Actinobacteria;D_3__Kineosporiales;D_4__Kineosporiaceae,No,0,0,0,0,0,0,0,0,0,0,0,0,0,0,0,0,0,0,0,0.001085069,0,0,0,0,0,0,0,0,0,0,0,0,0,0.000434028,0,0,0,0.000217014,0,0,0,0,0,0,0,0,0,0
22,D_0__Bacteria;D_1__Actinobacteria;D_2__Actinobacteria;D_3__Micrococcales;D_4__Beutenbergiaceae,No,0,0,0,0,0,0,0.009548611,0,0,0,0,0.001519097,0.000651042,0,0,0,0,0,0,0,0.001953125,0.000434028,0.000434028,0,0,0,0,0,0,0,0,0,0,0,0,0,0,0,0,0,0,0,0,0,0,0,0,0
23,D_0__Bacteria;D_1__Actinobacteria;D_2__Actinobacteria;D_3__Micrococcales;D_4__Bogoriellaceae,No,0,0,0,0,0,0,0,0,0,0,0,0,0,0,0,0,0,0,0,0,0,0,0,0,0,0,0,0,0,0.000651042,0,0,0,0,0,0,0,0,0,0,0,0,0,0,0,0,0,0
24,D_0__Bacteria;D_1__Actinobacteria;D_2__Actinobacteria;D_3__Micrococcales;D_4__Brevibacteriaceae,No,0,0,0,0,0,0.000868056,0,0,0,0,0,0,0,0,0,0,0,0,0,0,0,0.000217014,0,0,0,0,0,0,0.000868056,0,0,0,0,0,0,0,0,0,0,0,0,0,0,0,0,0,0,0
25,D_0__Bacteria;D_1__Actinobacteria;D_2__Actinobacteria;D_3__Micrococcales;D_4__Cellulomonadaceae,No,0,0,0,0,0.000217014,0,0,0.001085069,0,0,0,0.000217014,0,0,0,0,0,0,0,0,0,0,0,0,0,0,0,0,0,0,0,0,0,0,0,0,0,0,0,0,0,0,0,0,0,0,0,0.000217014
26,D_0__Bacteria;D_1__Actinobacteria;D_2__Actinobacteria;D_3__Micrococcales;D_4__Dermabacteraceae,No,0.000434028,0,0,0,0,0.000651042,0.003689236,0,0,0,0,0,0,0,0,0,0,0,0,0,0.004774306,0,0.001736111,0,0,0,0,0,0.001519097,0,0,0,0,0,0,0,0,0,0,0,0.000651042,0,0,0,0,0,0,0
27,D_0__Bacteria;D_1__Actinobacteria;D_2__Actinobacteria;D_3__Micrococcales;D_4__Dermatophilaceae,No,0,0,0,0,0,0,0.005859375,0,0,0,0,0,0,0,0,0,0,0,0,0,0.001519097,0,0,0,0,0.000868056,0,0,0,0,0,0,0,0,0,0,0,0,0,0,0,0,0,0,0,0,0,0
28,D_0__Bacteria;D_1__Actinobacteria;D_2__Actinobacteria;D_3__Micrococcales;D_4__Intrasporangiaceae,No,0.000217014,0,0.000868056,0,0,0,0.036892361,0.000434028,0,0,0,0,0.000217014,0,0,0,0,0.000868056,0,0,0.028645833,0.001519097,0,0,0,0,0,0,0,0.000651042,0,0,0.000651042,0,0,0,0,0,0,0,0.000651042,0,0,0,0,0,0.000868056,0
29,D_0__Bacteria;D_1__Actinobacteria;D_2__Actinobacteria;D_3__Micrococcales;D_4__Microbacteriaceae,No,0.000651042,0,0.000217014,0.002604167,0,0.004774306,0.047960069,0.000651042,0.001953125,0,0,0.000434028,0.000651042,0,0,0,0,0,0,0.001302083,0.003472222,0.001302083,0.000217014,0,0,0,0,0.000217014,0,0.000217014,0,0.000651042,0.001302083,0.000434028,0,0.001085069,0,0,0.001302083,0,0,0.000217014,0,0,0.001953125,0,0.001953125,0.000868056
30,D_0__Bacteria;D_1__Actinobacteria;D_2__Actinobacteria;D_3__Micrococcales;D_4__Micrococcaceae,No,0.001519097,0.004123264,0.004340278,0.006944444,0.000868056,0.001302083,0.072482639,0.001953125,0.014539931,0.002821181,0.000651042,0.005425347,0.004123264,0,0.001085069,0.000217014,0,0.002170139,0.000217014,0.003472222,0.026909722,0.004774306,0.003038194,0.000434028,0,0.001519097,0.009765625,0.001085069,0.002604167,0.006293403,0,0.000217014,0.004991319,0.009548611,0.010199653,0.056857639,0.009982639,0.004340278,0.013237847,0.002170139,0.030164931,0.005208333,0,0.010199653,0.014539931,0.000217014,0.002604167,0.000217014
31,D_0__Bacteria;D_1__Actinobacteria;D_2__Actinobacteria;D_3__Micrococcales;D_4__Ruaniaceae,No,0,0,0,0,0,0,0.001085069,0,0,0,0,0,0.000217014,0,0,0,0,0,0,0,0.000868056,0,0,0,0,0.000434028,0,0,0,0,0,0,0.000651042,0,0,0,0.000217014,0,0.002604167,0,0,0,0,0,0,0,0.000651042,0
32,D_0__Bacteria;D_1__Actinobacteria;D_2__Actinobacteria;D_3__Micrococcales;NA,No,0,0,0,0,0,0,0,0,0,0,0.00390625,0,0.000217014,0,0,0,0,0,0,0,0,0,0,0,0,0,0,0,0,0.001519097,0,0,0,0,0,0,0,0,0,0,0,0,0.000434028,0,0,0,0,0
33,D_0__Bacteria;D_1__Actinobacteria;D_2__Actinobacteria;D_3__Propionibacteriales;D_4__Nocardioidaceae,No,0,0,0,0,0.000868056,0,0,0,0.005859375,0,0,0,0,0,0,0,0,0.000217014,0,0.000217014,0,0,0,0,0,0,0,0,0.000868056,0,0,0,0,0.001085069,0,0,0,0,0.001085069,0,0,0,0,0,0.005859375,0,0,0.001085069
34,D_0__Bacteria;D_1__Actinobacteria;D_2__Actinobacteria;D_3__Propionibacteriales;D_4__Propionibacteriaceae,No,0,0.000217014,0,0.000434028,0,0,0,0,0.001085069,0,0.000217014,0,0,0,0,0,0,0,0,0,0,0,0,0,0,0,0,0,0,0,0,0,0,0,0,0,0,0,0,0,0,0,0,0,0.001085069,0,0,0
35,D_0__Bacteria;D_1__Actinobacteria;D_2__Actinobacteria;D_3__Pseudonocardiales;D_4__Pseudonocardiaceae,No,0.000217014,0,0,0,0,0,0.000217014,0.000217014,0.001085069,0,0,0.000217014,0,0,0,0,0,0,0.002170139,0,0.001085069,0.002170139,0,0,0,0,0.000868056,0,0,0,0,0.000434028,0.00390625,0.001302083,0.000434028,0.000217014,0,0,0,0,0.000434028,0.000217014,0.000651042,0.000434028,0.000868056,0,0.003472222,0
36,D_0__Bacteria;D_1__Actinobacteria;D_2__Actinobacteria;D_3__Streptomycetales;D_4__Streptomycetaceae,No,0,0,0,0.000868056,0,0,0,0,0.001519097,0,0,0,0,0,0,0,0,0,0,0,0,0,0,0,0,0,0,0,0,0,0,0,0,0,0,0,0,0.000434028,0,0,0,0,0,0,0.001519097,0,0,0
37,D_0__Bacteria;D_1__Actinobacteria;D_2__Actinobacteria;D_3__Streptosporangiales;D_4__Nocardiopsaceae,No,0.004991319,0,0.001302083,0.002821181,0,0,0,0,0,0,0,0.001953125,0,0,0,0,0.000217014,0.001085069,0.004123264,0,0,0.004991319,0.000217014,0,0,0,0,0,0,0,0,0.000434028,0.000217014,0,0.000651042,0.000434028,0,0,0,0,0.0078125,0,0.000651042,0.001519097,0,0,0.000217014,0
38,D_0__Bacteria;D_1__Actinobacteria;D_2__Coriobacteriia;D_3__Coriobacteriales;D_4__Coriobacteriaceae,No,0,0.000868056,0,0,0.000868056,0,0,0,0,0,0,0,0,0,0,0,0,0,0,0,0,0,0,0,0,0.002170139,0,0,0,0.001519097,0,0,0,0,0,0,0,0,0,0.000434028,0,0,0,0,0,0,0,0.000868056
39,D_0__Bacteria;D_1__Actinobacteria;D_2__Coriobacteriia;D_3__Coriobacteriales;D_4__Eggerthellaceae,No,0.000434028,0,0,0.005425347,0,0,0,0,0,0,0,0,0,0,0,0,0,0,0,0,0,0,0,0,0,0,0,0,0,0,0,0,0,0,0,0,0,0,0.000651042,0,0,0,0,0,0,0,0,0
40,D_0__Bacteria;D_1__Actinobacteria;D_2__Thermoleophilia;D_3__Gaiellales;D_4__uncultured,No,0,0,0,0,0.002170139,0.000217014,0,0,0,0,0,0,0,0,0,0,0,0,0,0,0,0,0,0,0,0,0,0,0,0,0,0,0,0,0,0,0,0,0,0,0,0,0,0,0,0,0,0.001302083
41,D_0__Bacteria;D_1__Actinobacteria;D_2__Thermoleophilia;D_3__Solirubrobacterales;D_4__67-14,No,0,0,0,0,0.000217014,0,0,0.000651042,0,0,0,0,0,0,0,0,0,0,0,0,0,0,0,0,0,0,0,0,0,0,0,0,0,0.000217014,0,0,0,0,0,0,0,0,0,0,0,0,0,0.000434028
42,D_0__Bacteria;D_1__Actinobacteria;D_2__Thermoleophilia;D_3__Solirubrobacterales;D_4__Solirubrobacteraceae,No,0,0,0,0,0,0.000217014,0,0,0,0,0,0,0,0,0,0,0,0,0,0,0,0.000651042,0,0,0,0,0,0,0,0,0,0,0,0.000868056,0,0,0,0,0,0,0,0,0,0,0,0,0,0.000217014
43,D_0__Bacteria;D_1__Actinobacteria;D_2__Thermoleophilia;D_3__Solirubrobacterales;NA,No,0,0,0,0,0,0,0,0,0,0,0,0,0,0,0,0,0,0,0,0.000217014,0,0,0,0,0,0,0,0,0,0,0,0,0,0,0,0,0,0,0,0,0,0,0,0,0,0,0,0
44,D_0__Bacteria;D_1__Armatimonadetes;D_2__uncultured;D_3__unculturedbacterium;D_4__unculturedbacterium,Yes,0,0,0,0,0,0,0,0,0,0,0,0,0,0,0,0,0,0,0,0.001519097,0,0,0,0,0,0,0,0,0,0,0,0,0,0,0,0,0,0,0,0,0,0,0,0,0,0,0,0
45,D_0__Bacteria;D_1__Bacteroidetes;D_2__Bacteroidia;D_3__Bacteroidales;D_4__Bacteroidaceae,Yes,0,0.005859375,0.000651042,0,0,0.000217014,0,0,0,0.000217014,0.001519097,0,0.001302083,0,0,0,0,0,0,0.001736111,0,0,0,0,0.000868056,0.003255208,0.013237847,0,0.003038194,0.003472222,0,0,0.002170139,0.003038194,0.00390625,0,0,0.001085069,0,0.006944444,0,0,0,0.003255208,0,0,0.002604167,0
46,D_0__Bacteria;D_1__Bacteroidetes;D_2__Bacteroidia;D_3__Bacteroidales;D_4__Dysgonomonadaceae,Yes,0,0,0.001736111,0,0,0,0,0,0,0,0,0,0,0,0,0,0,0,0,0,0,0,0,0,0,0,0,0,0,0,0,0,0,0,0,0,0,0,0,0,0,0,0,0,0,0,0,0
47,D_0__Bacteria;D_1__Bacteroidetes;D_2__Bacteroidia;D_3__Bacteroidales;D_4__Muribaculaceae,Yes,0,0,0,0,0,0,0,0,0,0,0,0,0,0,0,0,0,0,0,0,0,0,0,0,0,0,0,0,0,0.004123264,0,0,0,0,0,0.001302083,0,0,0,0,0.000434028,0,0,0,0,0,0,0
48,D_0__Bacteria;D_1__Bacteroidetes;D_2__Bacteroidia;D_3__Bacteroidales;D_4__Paludibacteraceae,Yes,0,0,0,0,0,0,0,0,0,0,0,0,0,0,0,0,0,0,0,0,0,0,0,0,0,0,0.001085069,0,0,0,0,0,0,0,0,0,0,0,0,0,0,0,0,0,0,0,0,0
49,D_0__Bacteria;D_1__Bacteroidetes;D_2__Bacteroidia;D_3__Bacteroidales;D_4__Prevotellaceae,Yes,0,0,0,0,0,0,0.004123264,0,0,0,0,0,0,0,0,0,0,0,0,0,0.001302083,0.000651042,0,0,0,0.002821181,0,0,0,0,0,0.000217014,0,0.001085069,0,0,0,0,0,0,0,0,0,0,0,0,0,0
50,D_0__Bacteria;D_1__Bacteroidetes;D_2__Bacteroidia;D_3__Bacteroidales;D_4__Tannerellaceae,Yes,0,0,0,0,0,0,0,0,0,0,0,0,0,0,0,0,0,0,0,0,0,0,0,0,0,0,0,0,0.001519097,0,0,0,0,0,0,0,0,0,0.000651042,0,0,0,0.000434028,0,0,0,0,0
51,D_0__Bacteria;D_1__Bacteroidetes;D_2__Bacteroidia;D_3__Chitinophagales;D_4__Chitinophagaceae,Yes,0,0,0,0,0.002170139,0.002821181,0,0,0,0,0,0,0.001302083,0,0,0,0,0,0,0.002604167,0.00390625,0,0,0,0,0,0,0,0,0.001736111,0,0,0,0.001736111,0.001953125,0,0,0,0,0,0,0,0,0.001953125,0,0,0,0.002387153
52,D_0__Bacteria;D_1__Bacteroidetes;D_2__Bacteroidia;D_3__Cytophagales;D_4__Hymenobacteraceae,Yes,0,0,0.000217014,0,0.002821181,0.001953125,0.013454861,0.004340278,0.009331597,0,0,0,0.001085069,0,0,0,0,0,0,0.00390625,0.003255208,0.001519097,0.000217014,0,0,0,0,0,0.001085069,0.009765625,0,0,0,0.011067708,0,0,0,0,0,0,0,0,0,0,0.010633681,0,0,0.003038194
53,D_0__Bacteria;D_1__Bacteroidetes;D_2__Bacteroidia;D_3__Cytophagales;D_4__Microscillaceae,Yes,0,0.000217014,0,0,0,0,0,0.000217014,0,0,0,0.000217014,0,0,0,0,0,0,0,0,0,0,0,0,0,0,0,0,0,0.002604167,0,0,0,0,0,0,0,0,0,0.000434028,0,0,0,0,0,0,0,0
54,D_0__Bacteria;D_1__Bacteroidetes;D_2__Bacteroidia;D_3__Cytophagales;D_4__Spirosomaceae,Yes,0.000434028,0,0,0,0.000651042,0.001953125,0.003689236,0,0.004991319,0,0,0.006293403,0.000434028,0,0,0,0,0,0,0.002387153,0.000434028,0,0.000868056,0,0,0,0.002170139,0,0,0.007378472,0,0,0,0,0.000217014,0,0,0,0,0,0,0,0,0.000651042,0.006076389,0,0,0.000434028
55,D_0__Bacteria;D_1__Bacteroidetes;D_2__Bacteroidia;D_3__Flavobacteriales;D_4__Flavobacteriaceae,Yes,0,0.002387153,0,0,0.002170139,0.000434028,0.000434028,0,0,0,0,0.013888889,0,0,0,0,0,0.001302083,0,0.001302083,0.000434028,0,0,0,0,0,0.001085069,0,0,0.004340278,0,0,0.000651042,0.004774306,0.000651042,0,0.001085069,0,0,0.001302083,0,0,0,0.000651042,0,0,0.000651042,0.001953125
56,D_0__Bacteria;D_1__Bacteroidetes;D_2__Bacteroidia;D_3__Flavobacteriales;D_4__Weeksellaceae,Yes,0.002387153,0,0.002387153,0.004340278,0.008897569,0.003472222,0.030815972,0.004557292,0.028645833,0,0,0.003472222,0.008463542,0,0,0.001085069,0,0.001953125,0.009765625,0.003255208,0.031901042,0.001953125,0.002821181,0,0,0.001736111,0.003255208,0.000217014,0.001519097,0.011935764,0,0.000434028,0.003472222,0.029730903,0.006510417,0,0.013454861,0,0,0.000434028,0,0,0,0.006727431,0.024956597,0.000434028,0.004774306,0.007378472
57,D_0__Bacteria;D_1__Bacteroidetes;D_2__Bacteroidia;D_3__Sphingobacteriales;D_4__env.OPS17,Yes,0,0,0,0,0,0,0,0,0,0,0,0.002821181,0,0,0,0,0,0,0,0,0,0,0,0,0,0,0,0,0,0,0,0,0,0,0,0,0,0,0,0,0,0,0,0,0,0,0,0
58,D_0__Bacteria;D_1__Bacteroidetes;D_2__Bacteroidia;D_3__Sphingobacteriales;D_4__Sphingobacteriaceae,Yes,0.001302083,0,0,0.001953125,0.013888889,0.009982639,0.015625,0.003038194,0.039496528,0,0,0.014322917,0.000651042,0,0,0,0,0.001736111,0.010199653,0.005208333,0.034071181,0.000868056,0.001085069,0,0.000217014,0,0.004557292,0.000651042,0.001519097,0.007161458,0,0.000434028,0.001085069,0.008680556,0.002604167,0,0.007161458,0,0,0,0,0,0,0.001736111,0.034288194,0,0.001085069,0.013020833
59,D_0__Bacteria;D_1__Bacteroidetes;D_2__Rhodothermia;D_3__Rhodothermales;D_4__Rhodothermaceae,Yes,0,0,0,0,0,0,0,0,0,0,0,0,0,0,0,0,0,0,0,0,0.001085069,0,0,0,0,0,0,0,0,0,0,0,0,0,0,0,0,0,0,0,0,0,0,0,0,0,0,0
60,D_0__Bacteria;D_1__Chlamydiae;D_2__Chlamydiae;D_3__Chlamydiales;D_4__Simkaniaceae,Yes,0,0,0,0,0,0,0,0.000868056,0,0,0,0,0,0,0,0,0,0,0,0,0,0,0,0,0,0,0,0,0,0,0,0,0,0,0,0,0,0,0,0,0,0,0,0,0,0,0,0
61,D_0__Bacteria;D_1__Chloroflexi;D_2__Anaerolineae;D_3__RBG-13-54-9;Ambiguous_taxa,No,0,0,0,0,0,0,0,0,0,0,0,0,0,0,0,0,0,0,0,0.000434028,0,0,0,0,0,0,0,0,0,0,0,0,0,0,0,0,0,0,0,0,0,0,0,0,0,0,0,0
62,D_0__Bacteria;D_1__Chloroflexi;D_2__Chloroflexia;D_3__Chloroflexales;D_4__Chloroflexaceae,No,0,0,0,0,0,0,0.00390625,0,0,0,0,0,0,0,0,0,0,0,0,0,0,0,0,0,0,0,0,0,0,0,0,0,0,0,0,0,0,0,0,0,0,0,0,0,0,0,0,0
63,D_0__Bacteria;D_1__Chloroflexi;D_2__Gitt-GS-136;D_3__unculturedbacterium;D_4__unculturedbacterium,No,0.001302083,0,0,0,0,0,0,0,0,0,0,0,0,0,0,0,0,0,0,0,0,0,0,0,0,0,0,0,0,0,0,0,0,0,0,0,0,0,0,0,0,0,0,0,0,0,0,0
64,D_0__Bacteria;D_1__Chloroflexi;D_2__KD4-96;D_3__unculturedbacterium;D_4__unculturedbacterium,No,0,0,0,0,0.000217014,0,0,0,0,0,0,0,0,0,0,0,0,0,0,0,0,0,0,0,0,0,0,0,0,0,0,0,0,0,0,0,0,0,0,0,0,0,0,0,0,0,0,0.000868056
65,D_0__Bacteria;D_1__Cyanobacteria;D_2__Sericytochromatia;Ambiguous_taxa;Ambiguous_taxa,Yes,0,0,0,0.003472222,0,0,0,0,0,0,0,0.003689236,0,0,0,0,0,0.000434028,0,0,0.000434028,0,0,0,0,0,0,0,0,0,0,0,0,0,0.000651042,0,0,0,0,0,0,0,0,0.000434028,0,0,0,0
66,D_0__Bacteria;D_1__Deinococcus-Thermus;D_2__Deinococci;D_3__Deinococcales;D_4__Deinococcaceae,No,0.001519097,0.001953125,0.001736111,0,0,0,0.037326389,0,0,0,0,0.001953125,0.001302083,0,0,0.000217014,0,0,0,0,0.012586806,0.000434028,0,0,0,0.000434028,0,0,0,0,0,0,0.000868056,0,0.001519097,0,0.000217014,0,0,0,0,0,0,0.001085069,0,0.000217014,0.002387153,0
67,D_0__Bacteria;D_1__Deinococcus-Thermus;D_2__Deinococci;D_3__Deinococcales;D_4__Trueperaceae,No,0,0,0,0,0,0,0,0,0,0,0,0,0,0,0,0,0,0,0,0,0,0,0,0,0,0,0,0,0,0,0,0,0,0,0,0,0,0.000434028,0,0,0,0,0,0,0,0,0,0
68,D_0__Bacteria;D_1__Dependentiae;D_2__Babeliae;D_3__Babeliales;D_4__Vermiphilaceae,Unknown,0,0,0,0,0,0,0,0,0,0,0,0,0,0,0,0,0,0,0,0,0,0,0,0,0,0,0,0,0,0,0,0,0,0,0.000651042,0,0,0,0,0,0,0,0,0.000651042,0,0,0,0
69,D_0__Bacteria;D_1__Epsilonbacteraeota;D_2__Campylobacteria;D_3__Campylobacterales;D_4__Campylobacteraceae,Yes,0.439670139,0,0,0,0.001085069,0.857421875,0.006944444,0.677517361,0,0.887369792,0,0,0.858072917,0.000217014,0.253038194,0.003689236,0,0.873046875,0.000868056,0.725260417,0.008897569,0,0.060546875,0,0,0.001085069,0.601128472,0,0.03125,0.032552083,0.000217014,0.941623264,0.000217014,0.511284722,0,0,0,0.056857639,0.001953125,0,0,0.010199653,0,0,0,0.003472222,0.000217014,0
70,D_0__Bacteria;D_1__Epsilonbacteraeota;D_2__Campylobacteria;D_3__Campylobacterales;D_4__Helicobacteraceae,Yes,0,0.000217014,0.006076389,0.65625,0.7578125,0,0,0.010416667,0,0,0,0,0.000217014,0,0,0.000217014,0,0,0,0,0,0,0.553602431,0,0.252821181,0,0,0.023003472,0.3359375,0.369791667,0,0,0.722005208,0.050564236,0.005425347,0,0,0,0.002821181,0,0,0,0.000217014,0.008246528,0.000434028,0,0.715060764,0.764756944
71,D_0__Bacteria;D_1__FBP;Ambiguous_taxa;Ambiguous_taxa;Ambiguous_taxa,Unknown,0,0,0,0,0.000217014,0,0,0,0,0,0,0,0,0,0,0,0,0,0,0,0,0,0,0,0,0,0,0,0,0,0,0,0,0,0,0,0,0,0,0,0,0,0,0,0,0,0,0.000217014
72,D_0__Bacteria;D_1__FBP;D_2__unculturedbacterium;D_3__unculturedbacterium;D_4__unculturedbacterium,Unknown,0,0,0,0,0,0,0.003255208,0,0.001302083,0,0,0,0,0,0,0,0,0,0,0,0.001302083,0,0.000651042,0,0,0,0,0,0,0,0,0,0,0,0,0,0,0,0,0,0,0,0,0,0.001085069,0,0,0
73,D_0__Bacteria;D_1__Firmicutes;D_2__Bacilli;D_3__Bacillales;D_4__Alicyclobacillaceae,No,0.000434028,0.006944444,0.000868056,0,0.002170139,0.001736111,0.006510417,0.002387153,0.0234375,0.001302083,0.003689236,0.009765625,0.001302083,0,0.000217014,0.000217014,0,0.002387153,0.009765625,0.004557292,0.008246528,0.001736111,0.001519097,0,0.000868056,0.003689236,0.002604167,0.000217014,0.002821181,0.009331597,0.000217014,0.000217014,0.000434028,0.005425347,0.001519097,0.000651042,0.010416667,0.002170139,0.002387153,0.004123264,0.008029514,0.003472222,0.000651042,0.002170139,0.003472222,0.000217014,0.000217014,0.002170139
74,D_0__Bacteria;D_1__Firmicutes;D_2__Bacilli;D_3__Bacillales;D_4__Bacillaceae,No,0.004991319,0.011501736,0.003472222,0.010633681,0.004991319,0.003038194,0.008897569,0.009114583,0.021701389,0.000217014,0.007378472,0.096354167,0.004774306,0,0.000434028,0.003689236,0.002387153,0.001953125,0.002604167,0.014539931,0.012152778,0.010416667,0.000434028,0,0.000434028,0.005859375,0.018229167,0.001519097,0.01953125,0.019097222,0,0.003038194,0.015407986,0.003038194,0.006944444,0.000434028,0.004340278,0.003472222,0.001519097,0.014105903,0.02734375,0.003038194,0.000651042,0.007161458,0.021701389,0.003255208,0.022352431,0.006076389
75,D_0__Bacteria;D_1__Firmicutes;D_2__Bacilli;D_3__Bacillales;D_4__FamilyXI,No,0.000217014,0.008246528,0,0,0,0,0,0,0,0,0.000434028,0,0.000217014,0,0,0,0,0,0,0,0,0,0,0,0,0,0,0,0,0,0,0,0.000434028,0,0,0,0,0,0,0,0,0.000434028,0,0,0,0,0.000651042,0
76,D_0__Bacteria;D_1__Firmicutes;D_2__Bacilli;D_3__Bacillales;D_4__Paenibacillaceae,No,0.000434028,0,0,0,0.001736111,0,0,0,0.004557292,0,0,0,0.000434028,0,0,0,0,0.000217014,0,0.000217014,0.001736111,0.000434028,0,0,0,0,0,0,0.001085069,0,0,0.000217014,0.002821181,0,0.000651042,0,0,0,0.000217014,0,0,0,0,0.000651042,0.003472222,0,0.004991319,0.003038194
77,D_0__Bacteria;D_1__Firmicutes;D_2__Bacilli;D_3__Bacillales;D_4__Planococcaceae,No,0,0.004774306,0,0.024956597,0.003038194,0,0.007595486,0.000217014,0.019748264,0,0,0.007595486,0.000434028,0,0.000434028,0,0,0,0,0.000217014,0.038411458,0.000868056,0.000651042,0.000217014,0.000217014,0,0.004340278,0,0.001085069,0.001953125,0,0.000217014,0.001736111,0.002387153,0.006727431,0,0.001302083,0,0.002170139,0.009548611,0,0,0,0.008680556,0.019097222,0,0.003689236,0.002821181
78,D_0__Bacteria;D_1__Firmicutes;D_2__Bacilli;D_3__Bacillales;D_4__Staphylococcaceae,No,0.000217014,0.000217014,0.000217014,0,0,0.000217014,0,0,0,0,0,0.000651042,0,0,0,0,0,0.000217014,0,0.001085069,0,0,0.000217014,0,0.001085069,0,0.000217014,0.000217014,0.001519097,0.001953125,0.000217014,0.000651042,0.000217014,0,0.000217014,0,0,0,0,0.000217014,0,0,0.000217014,0.000434028,0,0,0.000434028,0
79,D_0__Bacteria;D_1__Firmicutes;D_2__Bacilli;D_3__Lactobacillales;D_4__Aerococcaceae,No,0,0,0,0,0,0,0,0,0.005208333,0,0,0,0,0,0,0,0,0,0,0.000434028,0,0,0,0,0,0,0,0,0,0,0,0,0,0.000434028,0,0,0,0,0,0,0,0,0,0,0.005208333,0,0,0
80,D_0__Bacteria;D_1__Firmicutes;D_2__Bacilli;D_3__Lactobacillales;D_4__Carnobacteriaceae,No,0.006076389,0.00390625,0,0,0.001085069,0,0.037977431,0.000868056,0.003038194,0,0,0.000868056,0.000434028,0,0,0.000217014,0,0.000651042,0,0,0.018446181,0.002387153,0.001736111,0,0,0.001519097,0,0,0.000868056,0,0,0.000651042,0.002170139,0,0.006510417,0,0.008680556,0,0,0.000868056,0,0.000217014,0,0.006293403,0.00390625,0,0.002170139,0.001736111
81,D_0__Bacteria;D_1__Firmicutes;D_2__Bacilli;D_3__Lactobacillales;D_4__Enterococcaceae,No,0.298177083,0.285373264,0.788411458,0.010416667,0.004123264,0.000217014,0.048828125,0.002821181,0.02734375,0.009114583,0.833333333,0.124782986,0.028211806,0.909288194,0.317057292,0.024088542,0.929470486,0.009331597,0.022352431,0.006076389,0.373480903,0.660807292,0.315538194,0.993923611,0.386284722,0.501302083,0.007595486,0.778211806,0.008897569,0.005208333,0.530815972,0.004774306,0.032335069,0.006076389,0.065538194,0.624131944,0.520182292,0.063151042,0.652777778,0.267361111,0.692274306,0.435763889,0.531901042,0.061631944,0.026258681,0.0234375,0.027560764,0.003255208
82,D_0__Bacteria;D_1__Firmicutes;D_2__Bacilli;D_3__Lactobacillales;D_4__Lactobacillaceae,No,0.023871528,0.323567708,0.000217014,0.003472222,0.002170139,0,0.013237847,0.001302083,0,0.001953125,0.022569444,0.0078125,0.027560764,0.086371528,0.382161458,0.033420139,0.046657986,0.010633681,0.085069444,0.021050347,0.034939236,0.154079861,0.009765625,0,0.333550347,0.00390625,0,0.181423611,0,0.000434028,0.457682292,0.001302083,0,0.003255208,0.002387153,0.254774306,0.01953125,0.394965278,0.273220486,0.4296875,0.036458333,0.423394097,0.442491319,0.001519097,0,0.039496528,0,0.000434028
83,D_0__Bacteria;D_1__Firmicutes;D_2__Bacilli;D_3__Lactobacillales;D_4__Leuconostocaceae,No,0.001302083,0.003038194,0.002170139,0.000217014,0.000651042,0.000217014,0,0,0,0,0.000217014,0.034505208,0.001085069,0,0.000217014,0.000217014,0.000217014,0.000217014,0.006510417,0.000868056,0.008029514,0.000868056,0,0,0,0.007595486,0.001302083,0,0.005208333,0,0,0.000434028,0.000651042,0,0.004557292,0,0.004991319,0,0,0,0,0,0,0.004123264,0.000217014,0,0,0.000434028
84,D_0__Bacteria;D_1__Firmicutes;D_2__Bacilli;D_3__Lactobacillales;D_4__Streptococcaceae,No,0.008897569,0.093098958,0.027126736,0.025824653,0.007378472,0.002604167,0.038845486,0.001302083,0.018663194,0.004340278,0.010850694,0.010199653,0.009982639,0,0.000434028,0.001302083,0.000868056,0.005859375,0.044921875,0.005859375,0.021050347,0.002170139,0.000651042,0,0.001085069,0.009114583,0.023220486,0.000217014,0.002821181,0.005208333,0.000217014,0.001085069,0.008680556,0.007378472,0.017361111,0.002387153,0.006293403,0.006293403,0.003472222,0.032769097,0.002387153,0.002821181,0.000217014,0.018446181,0.017578125,0.000217014,0.004991319,0.006510417
85,D_0__Bacteria;D_1__Firmicutes;D_2__Clostridia;D_3__Clostridiales;D_4__Clostridiaceae1,No,0.003038194,0.013888889,0.011067708,0,0.001736111,0.002387153,0.002821181,0.00390625,0,0.001085069,0.002821181,0,0.000868056,0,0.001953125,0.000434028,0.001953125,0,0.029079861,0.003038194,0,0.000868056,0.002821181,0,0.004123264,0.005208333,0,0.008246528,0.003255208,0.003472222,0.004340278,0,0.002821181,0.016927083,0,0.000868056,0,0.0234375,0.001953125,0.037109375,0.122829861,0.006727431,0,0,0,0.000868056,0.004340278,0.001519097
86,D_0__Bacteria;D_1__Firmicutes;D_2__Clostridia;D_3__Clostridiales;D_4__Eubacteriaceae,No,0,0,0,0,0,0,0,0,0,0,0,0,0,0,0,0,0,0,0,0,0,0.000434028,0,0,0,0,0,0,0,0,0,0,0,0,0,0,0,0,0,0,0,0,0,0,0,0,0,0
87,D_0__Bacteria;D_1__Firmicutes;D_2__Clostridia;D_3__Clostridiales;D_4__FamilyXI,No,0.000651042,0,0,0,0,0,0,0,0,0,0,0,0,0,0,0,0,0,0,0,0,0,0,0,0,0,0,0,0,0,0,0,0.002604167,0,0,0,0,0,0.000651042,0.000434028,0,0,0,0,0,0,0.001953125,0
88,D_0__Bacteria;D_1__Firmicutes;D_2__Clostridia;D_3__Clostridiales;D_4__Lachnospiraceae,No,0.006510417,0.007161458,0.023871528,0.015625,0.004123264,0.006076389,0.091796875,0.005642361,0.050130208,0.002821181,0.016710069,0.021050347,0.001736111,0.000651042,0.000868056,0.001302083,0.001953125,0.007595486,0.084852431,0.013888889,0.009765625,0.003689236,0.004340278,0.000217014,0.001302083,0.031032986,0.048828125,0.000217014,0.008680556,0.037543403,0,0.006944444,0.018663194,0.013237847,0.021484375,0.012369792,0.025173611,0.011284722,0.001953125,0.047960069,0.0078125,0.002170139,0.004340278,0.017361111,0.043836806,0.000868056,0.021050347,0.004557292
89,D_0__Bacteria;D_1__Firmicutes;D_2__Clostridia;D_3__Clostridiales;D_4__Peptococcaceae,No,0,0,0,0,0,0,0,0,0,0,0,0,0,0,0,0,0,0,0,0,0,0,0,0,0,0,0,0,0,0,0,0,0,0,0,0,0,0,0,0,0,0.000434028,0,0,0,0,0,0
90,D_0__Bacteria;D_1__Firmicutes;D_2__Clostridia;D_3__Clostridiales;D_4__Peptostreptococcaceae,No,0.001085069,0,0.004123264,0,0,0.000651042,0.005859375,0.000217014,0,0.000217014,0.002604167,0.00390625,0.000217014,0,0,0,0.000217014,0.000434028,0,0,0.001302083,0,0.001085069,0,0.000651042,0,0,0,0.000434028,0,0,0,0.006944444,0.001302083,0,0.001302083,0.008246528,0.000434028,0,0,0,0,0,0,0,0,0.006076389,0
91,D_0__Bacteria;D_1__Firmicutes;D_2__Clostridia;D_3__Clostridiales;D_4__Ruminococcaceae,No,0.002604167,0.002604167,0.003038194,0.006727431,0.000434028,0,0.001953125,0.003038194,0.030381944,0.000217014,0.002604167,0.002604167,0,0,0,0.000217014,0.000651042,0.000434028,0.030381944,0.000868056,0.001302083,0.001085069,0.000217014,0,0.003038194,0.004991319,0.006510417,0,0,0.005859375,0,0.000434028,0,0.003689236,0.000434028,0.001085069,0.005425347,0.002604167,0.000868056,0.003255208,0.000868056,0.001736111,0.000868056,0.000217014,0.01953125,0.000434028,0,0.001085069
92,D_0__Bacteria;D_1__Firmicutes;D_2__Erysipelotrichia;D_3__Erysipelotrichales;D_4__Erysipelotrichaceae,No,0.002821181,0,0,0,0,0,0,0,0.006293403,0,0,0,0,0,0,0,0,0,0.059895833,0.002387153,0.001953125,0,0,0,0,0.002387153,0.001953125,0,0,0,0,0,0.000651042,0,0.003689236,0.001085069,0,0.000651042,0,0,0,0.000217014,0.001302083,0.004123264,0.005642361,0,0.001085069,0
93,D_0__Bacteria;D_1__Firmicutes;D_2__Negativicutes;D_3__Selenomonadales;D_4__Acidaminococcaceae,Yes,0,0,0,0,0,0,0,0,0,0.000217014,0,0,0,0,0,0,0,0,0,0.000651042,0,0.000651042,0,0,0,0,0,0,0,0,0,0,0,0,0,0,0,0,0,0,0,0,0,0,0,0,0,0
94,D_0__Bacteria;D_1__Firmicutes;D_2__Negativicutes;D_3__Selenomonadales;D_4__Veillonellaceae,Yes,0,0.000868056,0.003255208,0,0.001085069,0,0.027994792,0.001953125,0.0078125,0.000868056,0,0,0.000217014,0,0.000217014,0,0,0.000651042,0,0.001085069,0,0.002604167,0.000217014,0,0,0.010850694,0.002387153,0,0.002821181,0.006727431,0,0.000434028,0.003472222,0,0.012803819,0.000217014,0.004123264,0.004991319,0.002604167,0,0.000651042,0,0.000434028,0.015190972,0.006293403,0,0.000217014,0.001736111
95,D_0__Bacteria;D_1__Fusobacteria;D_2__Fusobacteriia;D_3__Fusobacteriales;D_4__Fusobacteriaceae,Yes,0.001302083,0.002387153,0,0,0,0,0,0,0,0,0,0,0,0,0,0,0,0,0,0,0,0,0,0,0,0,0,0,0,0,0,0,0,0,0,0,0,0,0,0,0,0.000434028,0,0,0,0,0,0
96,D_0__Bacteria;D_1__Fusobacteria;D_2__Fusobacteriia;D_3__Fusobacteriales;D_4__Leptotrichiaceae,Yes,0,0.002387153,0,0,0,0,0.010416667,0,0,0,0,0,0,0,0,0,0,0,0,0,0,0,0,0,0,0,0,0,0,0,0,0,0,0,0,0,0.003472222,0,0,0,0,0,0,0,0,0,0,0
97,D_0__Bacteria;D_1__Gemmatimonadetes;D_2__Gemmatimonadetes;D_3__Gemmatimonadales;D_4__Gemmatimonadaceae,Yes,0,0,0,0,0.000217014,0,0,0,0,0,0,0,0,0,0,0,0,0,0,0,0,0,0,0,0,0,0,0,0,0.003038194,0,0,0,0,0,0,0,0,0,0,0,0,0,0,0,0,0,0.000217014
98,D_0__Bacteria;D_1__Planctomycetes;D_2__Planctomycetacia;D_3__Isosphaerales;D_4__Isosphaeraceae,Yes,0,0,0,0,0,0,0,0,0.000651042,0,0,0,0,0,0,0,0,0,0,0,0,0,0,0,0,0,0,0,0,0,0,0,0,0,0,0,0,0,0,0,0,0,0,0,0.000651042,0,0,0
99,D_0__Bacteria;D_1__Proteobacteria;D_2__Alphaproteobacteria;D_3__Acetobacterales;D_4__Acetobacteraceae,Yes,0,0,0,0.000434028,0.000434028,0.001519097,0,0,0.003038194,0,0,0,0.000434028,0,0,0,0,0,0,0,0.000651042,0,0.000868056,0,0,0,0,0,0,0,0,0,0,0.001736111,0.003038194,0.000651042,0.002170139,0,0,0,0,0,0.000217014,0.002387153,0.002387153,0,0,0.001085069
100,D_0__Bacteria;D_1__Proteobacteria;D_2__Alphaproteobacteria;D_3__Azospirillales;D_4__Azospirillaceae,Yes,0,0,0,0,0,0,0,0,0,0,0,0,0,0,0,0,0,0,0,0.002170139,0,0,0,0,0,0,0,0,0,0,0,0,0,0,0,0,0,0,0,0,0,0,0,0,0,0,0,0
101,D_0__Bacteria;D_1__Proteobacteria;D_2__Alphaproteobacteria;D_3__Caulobacterales;D_4__Caulobacteraceae,Yes,0,0,0,0,0.003689236,0.003038194,0.000217014,0.000217014,0,0,0,0.003038194,0.000434028,0,0,0,0,0,0.004774306,0.001736111,0.004123264,0.001085069,0,0,0.000434028,0,0.003038194,0,0,0.002387153,0,0,0,0.004557292,0,0,0,0.000651042,0,0,0,0,0,0,0,0,0,0.003255208
102,D_0__Bacteria;D_1__Proteobacteria;D_2__Alphaproteobacteria;D_3__Elsterales;D_4__uncultured,Yes,0,0,0,0,0.000434028,0,0,0,0,0,0,0,0,0,0,0,0,0,0,0,0,0,0,0,0,0,0,0,0,0,0,0,0,0,0,0,0,0,0,0,0,0,0,0,0,0,0,0
103,D_0__Bacteria;D_1__Proteobacteria;D_2__Alphaproteobacteria;D_3__Micavibrionales;D_4__Micavibrionaceae,Yes,0,0,0,0,0.001085069,0,0,0,0,0,0,0,0,0,0,0,0,0,0,0,0,0,0,0,0,0,0,0,0,0,0,0,0,0,0,0,0,0,0,0,0,0,0,0,0,0,0,0.002170139
104,D_0__Bacteria;D_1__Proteobacteria;D_2__Alphaproteobacteria;D_3__Rhizobiales;D_4__Beijerinckiaceae,Yes,0,0.000434028,0,0,0.001736111,0.000651042,0.003038194,0.004774306,0.005859375,0,0,0.001302083,0.000651042,0.000217014,0,0,0.000651042,0,0,0.005642361,0.006076389,0,0.000217014,0,0,0,0,0.000217014,0,0.013888889,0,0,0,0.010633681,0.005208333,0,0.000217014,0,0.000434028,0,0,0.000651042,0.000434028,0.004340278,0.005859375,0,0,0.002170139
105,D_0__Bacteria;D_1__Proteobacteria;D_2__Alphaproteobacteria;D_3__Rhizobiales;D_4__Devosiaceae,Yes,0,0,0,0,0.000434028,0,0,0,0,0,0,0,0,0,0,0,0,0,0,0,0,0,0,0,0,0,0,0,0,0,0,0,0,0,0,0,0,0,0,0,0,0,0,0,0,0,0,0.000217014
106,D_0__Bacteria;D_1__Proteobacteria;D_2__Alphaproteobacteria;D_3__Rhizobiales;D_4__Hyphomicrobiaceae,Yes,0,0,0,0,0,0,0,0.001085069,0,0,0.001519097,0,0,0,0,0,0,0,0,0,0,0.000868056,0,0,0,0,0,0,0,0,0,0,0.000217014,0.001085069,0,0,0,0,0,0,0,0,0,0,0,0,0,0
107,D_0__Bacteria;D_1__Proteobacteria;D_2__Alphaproteobacteria;D_3__Rhizobiales;D_4__KF-JG30-B3,Yes,0,0,0,0,0,0,0,0,0,0,0,0,0,0,0,0,0,0,0,0,0,0,0,0,0,0,0,0,0,0,0,0,0,0.000651042,0,0,0,0,0,0,0,0,0,0,0,0,0,0
108,D_0__Bacteria;D_1__Proteobacteria;D_2__Alphaproteobacteria;D_3__Rhizobiales;D_4__Methyloligellaceae,Yes,0,0,0,0,0,0.000217014,0,0,0,0,0,0,0,0,0,0,0,0,0,0,0,0,0,0,0,0,0,0,0,0,0,0,0,0.001953125,0,0,0,0,0,0,0,0,0,0,0,0,0,0
109,D_0__Bacteria;D_1__Proteobacteria;D_2__Alphaproteobacteria;D_3__Rhizobiales;D_4__Rhizobiaceae,Yes,0,0.002170139,0.000868056,0,0.000868056,0.002387153,0.024305556,0.000651042,0.019314236,0.001736111,0,0.006293403,0.000217014,0,0.001736111,0.000434028,0.000434028,0,0.013671875,0.007161458,0.008246528,0.004123264,0.000434028,0.000868056,0,0.002604167,0.001953125,0.000217014,0.001302083,0.010199653,0.000868056,0.000651042,0.003472222,0.003689236,0.007378472,0,0.0078125,0.001519097,0,0,0,0.001519097,0.000217014,0.007595486,0.018012153,0.000651042,0.005859375,0.000217014
110,D_0__Bacteria;D_1__Proteobacteria;D_2__Alphaproteobacteria;D_3__Rhizobiales;D_4__RhizobialesIncertaeSedis,Yes,0,0,0,0,0,0.001736111,0,0,0,0,0,0,0,0,0,0,0,0,0,0,0,0,0,0,0,0,0,0,0,0,0,0,0,0,0,0,0,0,0,0,0,0,0,0,0,0,0,0
111,D_0__Bacteria;D_1__Proteobacteria;D_2__Alphaproteobacteria;D_3__Rhizobiales;D_4__Xanthobacteraceae,Yes,0,0,0,0,0.000217014,0.000651042,0,0.001736111,0.006293403,0,0,0,0,0,0,0,0,0,0.004557292,0.000434028,0,0,0,0,0.000651042,0,0,0,0,0.001519097,0,0,0,0.004123264,0,0,0,0,0,0,0,0,0,0,0.004774306,0,0,0
112,D_0__Bacteria;D_1__Proteobacteria;D_2__Alphaproteobacteria;D_3__Rhodobacterales;D_4__Rhodobacteraceae,Yes,0,0,0,0,0.003689236,0,0,0.000868056,0.002170139,0,0.002821181,0,0.000217014,0,0,0,0,0.000868056,0,0.000217014,0.000434028,0,0.000217014,0,0,0,0.004774306,0,0,0,0,0.000217014,0.001736111,0.001519097,0.004557292,0.009765625,0.003038194,0,0,0,0,0,0,0.004340278,0.001085069,0,0.001302083,0.003472222
113,D_0__Bacteria;D_1__Proteobacteria;D_2__Alphaproteobacteria;D_3__Rickettsiales;D_4__Anaplasmataceae,Yes,0,0,0,0,0,0.000217014,0,0.000217014,0,0,0,0,0,0.000217014,0.000217014,0,0.000434028,0.000217014,0.000217014,0,0.000217014,0.000217014,0.000217014,0,0,0.000434028,0,0,0.000217014,0,0,0,0,0,0,0.000217014,0,0.000217014,0.000434028,0,0.000434028,0,0.000434028,0,0,0.000217014,0.000434028,0
114,D_0__Bacteria;D_1__Proteobacteria;D_2__Alphaproteobacteria;D_3__Sphingomonadales;D_4__Sphingomonadaceae,Yes,0.004340278,0,0.000217014,0.001302083,0.006944444,0.000434028,0.015407986,0.001302083,0.021267361,0,0,0.026692708,0.002170139,0,0,0.000434028,0,0.001302083,0.030164931,0.012369792,0.018012153,0.004340278,0.000651042,0,0.000434028,0.002387153,0,0,0.004340278,0.026475694,0,0,0,0.014756944,0.007595486,0.003038194,0.000217014,0,0,0,0.000651042,0.001302083,0,0.011284722,0.021050347,0.000651042,0,0.006293403
115,D_0__Bacteria;D_1__Proteobacteria;D_2__Alphaproteobacteria;NA;NA,Yes,0,0,0,0,0,0,0,0,0,0,0,0,0,0,0,0,0,0,0,0,0,0,0,0,0,0,0,0,0,0,0,0,0,0.001953125,0,0,0,0,0,0,0,0,0,0,0,0,0,0
116,D_0__Bacteria;D_1__Proteobacteria;D_2__Deltaproteobacteria;D_3__Bdellovibrionales;D_4__Bdellovibrionaceae,Yes,0,0.001953125,0,0,0.002604167,0.000217014,0,0,0,0,0,0,0,0,0,0,0,0,0,0.001085069,0,0,0,0,0,0,0,0,0,0,0,0,0,0,0,0,0,0,0,0,0,0,0,0,0,0,0,0.003038194
117,D_0__Bacteria;D_1__Proteobacteria;D_2__Deltaproteobacteria;D_3__Myxococcales;D_4__BIrii41,Yes,0,0,0,0,0,0,0,0,0,0,0,0,0,0,0,0,0,0,0,0,0,0,0,0,0,0,0,0,0,0,0,0,0,0,0,0,0,0,0,0,0.000651042,0,0,0,0,0,0,0
118,D_0__Bacteria;D_1__Proteobacteria;D_2__Deltaproteobacteria;D_3__Myxococcales;D_4__Haliangiaceae,Yes,0,0,0,0,0,0,0,0,0.000434028,0,0,0,0,0,0,0,0,0,0,0,0,0,0,0,0,0,0,0,0,0,0,0,0,0,0,0,0,0,0,0,0,0,0,0,0.000434028,0,0,0
119,D_0__Bacteria;D_1__Proteobacteria;D_2__Deltaproteobacteria;D_3__Myxococcales;D_4__Polyangiaceae,Yes,0,0,0,0,0.000868056,0,0,0,0,0,0,0,0,0,0,0,0,0,0,0,0,0,0,0,0,0,0,0,0,0,0,0,0,0,0,0,0,0,0,0,0,0,0,0,0,0,0,0.000651042
120,D_0__Bacteria;D_1__Proteobacteria;D_2__Deltaproteobacteria;D_3__Myxococcales;NA,Yes,0,0,0,0,0,0,0,0,0,0,0,0,0,0,0,0,0,0,0,0,0,0,0,0,0,0,0,0,0,0.006510417,0,0,0,0,0,0,0,0,0,0,0,0,0,0,0,0,0,0
121,D_0__Bacteria;D_1__Proteobacteria;D_2__Deltaproteobacteria;D_3__Oligoflexales;D_4__Oligoflexaceae,Yes,0,0,0,0,0,0,0,0,0,0,0,0,0,0,0,0,0,0,0,0.000434028,0,0,0,0,0,0,0,0,0,0,0,0,0,0,0,0,0,0,0,0,0,0,0,0,0,0,0,0
122,D_0__Bacteria;D_1__Proteobacteria;D_2__Gammaproteobacteria;D_3__Aeromonadales;D_4__Aeromonadaceae,Yes,0.086371528,0,0,0,0.000868056,0,0,0,0.00390625,0,0,0.004557292,0,0,0,0,0,0,0,0,0.000868056,0.004557292,0.002387153,0,0,0,0.006510417,0,0,0,0,0.000217014,0.004557292,0,0.003255208,0,0.021484375,0,0,0,0.000217014,0,0,0.002604167,0.005425347,0,0.004991319,0.000217014
123,D_0__Bacteria;D_1__Proteobacteria;D_2__Gammaproteobacteria;D_3__Alteromonadales;D_4__Alteromonadaceae,Yes,0,0,0,0,0,0,0,0,0.002170139,0,0,0,0,0,0,0,0,0,0,0,0,0,0,0,0,0.000217014,0,0,0,0,0,0,0,0,0,0,0,0,0,0,0,0,0,0,0.003038194,0,0,0
124,D_0__Bacteria;D_1__Proteobacteria;D_2__Gammaproteobacteria;D_3__Alteromonadales;D_4__Psychromonadaceae,Yes,0,0,0,0,0,0,0,0,0,0,0,0,0,0,0,0,0,0,0,0,0.001302083,0,0,0,0,0,0.002170139,0,0,0,0,0,0,0,0,0,0,0,0,0,0,0,0,0,0,0,0,0
125,D_0__Bacteria;D_1__Proteobacteria;D_2__Gammaproteobacteria;D_3__Alteromonadales;D_4__Shewanellaceae,Yes,0,0,0,0,0,0,0,0,0,0,0,0,0,0,0,0,0,0,0,0,0,0.000868056,0,0,0,0,0,0,0,0,0,0,0,0,0,0,0,0,0,0,0.001736111,0,0,0,0,0,0,0
126,D_0__Bacteria;D_1__Proteobacteria;D_2__Gammaproteobacteria;D_3__Betaproteobacteriales;D_4__Burkholderiaceae,Yes,0.002604167,0.005425347,0.008246528,0.017578125,0.049696181,0.032552083,0.034288194,0.026692708,0.238715278,0.000651042,0.01171875,0.142795139,0.008463542,0,0.001085069,0.000434028,0.001953125,0.005859375,0.200954861,0.042100694,0.013888889,0.029730903,0.003038194,0.000217014,0.001519097,0.004991319,0.068142361,0.000434028,0.019748264,0.180121528,0.000434028,0.017795139,0.019097222,0.098090278,0.286892361,0.002821181,0.045138889,0.000651042,0.001736111,0.006510417,0.002170139,0.013888889,0.001302083,0.268880208,0.203125,0.000217014,0.025390625,0.047309028
127,D_0__Bacteria;D_1__Proteobacteria;D_2__Gammaproteobacteria;D_3__Betaproteobacteriales;D_4__Chromobacteriaceae,Yes,0,0,0,0,0,0,0,0,0,0,0,0,0,0,0,0,0,0,0,0.000868056,0,0,0,0,0,0,0,0,0,0,0,0,0,0,0,0,0,0,0,0,0,0,0,0,0,0,0,0
128,D_0__Bacteria;D_1__Proteobacteria;D_2__Gammaproteobacteria;D_3__Betaproteobacteriales;D_4__Methylophilaceae,Yes,0,0,0,0,0,0,0,0,0,0,0,0,0,0,0,0,0,0,0,0,0,0,0,0,0,0,0,0,0,0.001302083,0,0,0,0,0,0,0,0,0,0,0,0,0,0,0,0,0,0
129,D_0__Bacteria;D_1__Proteobacteria;D_2__Gammaproteobacteria;D_3__Betaproteobacteriales;D_4__Neisseriaceae,Yes,0,0.016276042,0.000651042,0.002387153,0,0,0,0,0,0,0.000434028,0.000868056,0,0,0,0,0,0.000868056,0,0.000651042,0,0,0,0,0.000217014,0,0,0,0,0,0,0,0,0,0,0,0.002821181,0,0.001519097,0,0,0,0,0.000217014,0,0,0,0
130,D_0__Bacteria;D_1__Proteobacteria;D_2__Gammaproteobacteria;D_3__Betaproteobacteriales;D_4__Rhodocyclaceae,Yes,0,0,0,0,0,0,0,0,0,0,0,0.005859375,0,0,0,0,0,0,0,0,0,0,0,0,0,0,0,0,0,0,0,0,0,0,0,0,0,0,0,0,0,0,0,0,0,0,0,0
131,D_0__Bacteria;D_1__Proteobacteria;D_2__Gammaproteobacteria;D_3__Betaproteobacteriales;D_4__SC-I-84,Yes,0,0,0,0,0,0,0,0.000217014,0.003689236,0,0,0,0,0,0,0,0,0,0,0,0,0,0,0,0,0,0,0,0,0,0,0,0,0,0,0,0,0,0,0,0,0,0,0,0.003689236,0,0,0
132,D_0__Bacteria;D_1__Proteobacteria;D_2__Gammaproteobacteria;D_3__Cardiobacteriales;D_4__Wohlfahrtiimonadaceae,Yes,0,0,0,0,0,0.000868056,0,0,0,0,0,0,0,0,0,0,0,0,0,0.003472222,0,0,0,0,0,0,0,0,0,0,0,0,0,0,0,0,0,0,0,0,0,0,0,0,0,0,0,0
133,D_0__Bacteria;D_1__Proteobacteria;D_2__Gammaproteobacteria;D_3__Cellvibrionales;D_4__Cellvibrionaceae,Yes,0,0,0,0,0.000868056,0,0,0,0,0,0,0,0,0,0,0,0,0,0,0.000217014,0.000217014,0,0,0,0,0,0,0,0,0,0,0,0,0.000217014,0,0,0,0,0,0,0,0,0,0,0,0,0,0.000868056
134,D_0__Bacteria;D_1__Proteobacteria;D_2__Gammaproteobacteria;D_3__Diplorickettsiales;D_4__Diplorickettsiaceae,Yes,0,0,0,0,0,0,0,0,0,0,0,0,0,0,0,0,0,0,0,0,0,0,0,0,0,0,0,0,0,0,0,0,0.000868056,0,0,0,0,0,0,0,0,0,0,0,0,0,0.001302083,0
135,D_0__Bacteria;D_1__Proteobacteria;D_2__Gammaproteobacteria;D_3__Enterobacteriales;D_4__Enterobacteriaceae,Yes,0.050130208,0.017144097,0.029947917,0.054036458,0.029079861,0.015407986,0.074652778,0.174696181,0.071397569,0.00390625,0.009765625,0.071397569,0.005642361,0.001302083,0.003038194,0.924045139,0.004557292,0.006076389,0.092664931,0.030164931,0.015190972,0.011935764,0.005425347,0.003255208,0.001519097,0.034288194,0.057942708,0.001085069,0.336154514,0.057074653,0.000651042,0.004340278,0.026475694,0.033637153,0.051649306,0.008463542,0.083116319,0.017361111,0.003689236,0.026475694,0.008029514,0.015842014,0.001736111,0.062065972,0.207248264,0.921657986,0.024956597,0.030815972
136,D_0__Bacteria;D_1__Proteobacteria;D_2__Gammaproteobacteria;D_3__Legionellales;D_4__Legionellaceae,Yes,0,0,0,0,0,0,0,0,0,0,0,0,0,0,0,0,0,0,0,0.001736111,0,0,0,0,0,0,0,0,0,0.000217014,0,0,0,0,0,0,0,0,0,0,0,0,0,0,0,0,0,0
137,D_0__Bacteria;D_1__Proteobacteria;D_2__Gammaproteobacteria;D_3__Oceanospirillales;D_4__Halomonadaceae,Yes,0,0,0,0,0,0,0,0,0,0,0,0,0,0,0,0,0,0,0,0,0,0,0,0,0,0,0,0,0,0,0,0.000434028,0,0,0.001736111,0,0,0,0,0,0,0,0,0.001085069,0,0,0,0
138,D_0__Bacteria;D_1__Proteobacteria;D_2__Gammaproteobacteria;D_3__Oceanospirillales;D_4__Marinomonadaceae,Yes,0,0,0,0,0,0,0,0,0,0,0,0,0,0,0,0,0,0,0,0,0,0,0,0,0,0,0,0,0,0,0,0.000217014,0,0,0,0,0,0,0,0,0,0,0,0,0,0,0,0
139,D_0__Bacteria;D_1__Proteobacteria;D_2__Gammaproteobacteria;D_3__Pasteurellales;D_4__Pasteurellaceae,Yes,0,0.079644097,0.005859375,0.002170139,0,0,0,0.002170139,0,0.000651042,0.005642361,0.003472222,0,0,0,0,0,0,0,0.000868056,0,0,0,0,0,0.000651042,0,0,0.000868056,0.001302083,0,0,0.003038194,0,0.001085069,0.000651042,0,0.000868056,0.001085069,0.009114583,0,0,0,0.001085069,0,0,0,0
140,D_0__Bacteria;D_1__Proteobacteria;D_2__Gammaproteobacteria;D_3__Pseudomonadales;D_4__Moraxellaceae,Yes,0.011284722,0.000868056,0.009548611,0.040147569,0.035590278,0.003689236,0.023220486,0.015842014,0.103298611,0,0.006076389,0.215711806,0.005208333,0,0.005208333,0.002387153,0,0.008029514,0.030164931,0.013888889,0.069661458,0.001085069,0.006510417,0,0.001519097,0.012152778,0.012152778,0.001302083,0.010199653,0.019314236,0,0.004991319,0.017144097,0.025390625,0.025607639,0,0.060546875,0,0.000868056,0,0.001302083,0.000217014,0.000217014,0.019097222,0.094184028,0.001519097,0.019097222,0.032552083
141,D_0__Bacteria;D_1__Proteobacteria;D_2__Gammaproteobacteria;D_3__Pseudomonadales;D_4__Pseudomonadaceae,Yes,0.002387153,0.000434028,0.000434028,0.000217014,0.010633681,0.010633681,0.030598958,0.004774306,0.057074653,0.000868056,0.004340278,0.073133681,0.007378472,0,0.000217014,0,0,0.001302083,0.033637153,0.012803819,0.097005208,0.005425347,0.002604167,0,0,0,0.002387153,0,0.125868056,0.032552083,0,0.001953125,0.022569444,0.010633681,0.042751736,0,0.008680556,0,0,0.003689236,0.001519097,0.003038194,0.000434028,0.044704861,0.050347222,0.000651042,0.019965278,0.011501736
142,D_0__Bacteria;D_1__Proteobacteria;D_2__Gammaproteobacteria;D_3__Vibrionales;D_4__Vibrionaceae,Yes,0,0,0,0,0,0,0,0,0,0,0,0,0,0,0,0,0,0,0,0.002604167,0,0,0,0,0,0,0,0,0,0,0,0,0,0,0,0,0,0,0,0,0,0,0,0,0,0,0,0
143,D_0__Bacteria;D_1__Proteobacteria;D_2__Gammaproteobacteria;D_3__Xanthomonadales;D_4__Rhodanobacteraceae,Yes,0,0,0,0,0,0,0,0,0,0,0,0,0,0,0,0,0,0,0,0.001736111,0,0,0,0,0,0,0,0,0,0,0,0,0,0.003689236,0,0,0,0,0,0,0,0,0,0,0,0,0,0
144,D_0__Bacteria;D_1__Proteobacteria;D_2__Gammaproteobacteria;D_3__Xanthomonadales;D_4__Xanthomonadaceae,Yes,0,0,0,0,0.001736111,0.000434028,0,0.000868056,0.009765625,0,0,0,0.001519097,0,0,0.000434028,0,0,0,0.002604167,0,0,0,0,0.001085069,0,0,0,0.002604167,0.004991319,0,0,0,0.000434028,0,0,0.000217014,0,0,0,0,0,0,0,0.009765625,0.000434028,0.000217014,0.001736111
145,D_0__Bacteria;D_1__Proteobacteria;D_2__Gammaproteobacteria;NA;NA,Yes,0,0,0,0,0,0,0,0,0,0,0,0,0,0,0,0,0,0,0,0,0,0,0,0,0,0,0,0,0,0,0,0,0,0,0,0,0,0,0,0,0,0,0.000217014,0,0,0,0,0
146,D_0__Bacteria;D_1__Spirochaetes;D_2__Spirochaetia;D_3__Spirochaetales;D_4__Spirochaetaceae,Unknown,0,0,0.002170139,0,0,0,0,0,0,0,0,0,0,0,0,0,0,0,0,0,0,0,0,0,0,0,0,0,0,0,0,0,0,0,0,0,0,0,0,0,0,0,0,0,0,0,0,0
147,D_0__Bacteria;D_1__Synergistetes;D_2__Synergistia;D_3__Synergistales;D_4__Synergistaceae,Yes,0,0,0,0,0,0,0,0,0,0,0,0,0,0,0,0,0,0,0,0,0,0,0,0,0,0,0,0,0,0,0,0,0,0,0,0,0,0,0,0,0,0,0.000217014,0,0,0,0,0
148,D_0__Bacteria;D_1__Tenericutes;D_2__Mollicutes;D_3__Entomoplasmatales;D_4__Spiroplasmataceae,No,0,0,0,0,0,0.002604167,0,0,0,0,0,0,0,0,0,0,0,0,0,0,0,0,0,0,0,0,0,0,0,0,0,0,0,0,0,0,0,0,0,0,0,0,0,0,0,0,0,0
149,D_0__Bacteria;D_1__Tenericutes;D_2__Mollicutes;D_3__Mycoplasmatales;D_4__Mycoplasmataceae,No,0,0,0.000217014,0,0,0.001085069,0,0,0.002821181,0.069010417,0,0,0,0,0.029296875,0,0,0.000651042,0.004557292,0.002170139,0,0.043836806,0.000217014,0,0.001302083,0.146484375,0.028428819,0.000217014,0.001302083,0,0.003472222,0.000217014,0.022352431,0.050130208,0.337239583,0.000868056,0.046223958,0.373046875,0,0.01171875,0.004123264,0.046440972,0,0.3515625,0.002387153,0,0.019314236,0
150,D_0__Bacteria;D_1__Verrucomicrobia;D_2__Verrucomicrobiae;D_3__Chthoniobacterales;D_4__Chthoniobacteraceae,Yes,0,0,0,0,0,0,0,0,0.001302083,0,0.000434028,0,0,0,0,0,0,0,0,0.002170139,0,0,0,0,0,0,0,0,0.001953125,0,0,0,0,0,0,0,0,0,0,0,0,0,0,0,0.001302083,0,0,0.000217014
151,D_0__Bacteria;D_1__Verrucomicrobia;D_2__Verrucomicrobiae;D_3__Verrucomicrobiales;D_4__Akkermansiaceae,Yes,0,0,0,0,0.002387153,0,0.00390625,0.000651042,0,0,0,0,0,0,0,0,0,0,0,0,0,0,0,0,0,0,0,0,0,0,0,0,0,0,0,0,0,0,0,0,0,0,0,0,0,0,0,0.001736111
152,D_0__Bacteria;D_1__Verrucomicrobia;D_2__Verrucomicrobiae;D_3__Verrucomicrobiales;D_4__Rubritaleaceae,Yes,0,0,0,0,0,0,0,0,0,0,0,0,0,0,0,0,0,0,0,0,0,0,0,0,0,0,0,0,0,0,0,0,0,0,0,0,0,0,0,0,0,0,0,0,0,0,0,0.000434028
153,D_0__Bacteria;D_1__Verrucomicrobia;D_2__Verrucomicrobiae;D_3__Verrucomicrobiales;D_4__Verrucomicrobiaceae,Yes,0,0,0,0,0,0,0,0.000868056,0,0,0,0,0,0,0,0,0,0,0,0,0,0,0,0,0,0,0,0,0,0,0,0,0,0,0,0,0,0,0,0,0,0,0,0,0,0,0,0
154,D_0__Bacteria;D_1__WPS-2;Ambiguous_taxa;Ambiguous_taxa;Ambiguous_taxa,Unknown,0,0,0,0,0,0,0,0,0,0,0,0,0,0,0,0,0,0,0,0,0,0,0,0,0,0,0,0,0,0,0,0,0,0.000217014,0,0,0,0,0,0,0,0,0,0,0,0,0,0