"","X","B3","X18","X42","X22","X9","B1","X10","B8","X20","B7","C","X39","B11","X4","B10","X29","X2","B9","X19","B5","X33","X16","X40","D","X1","X17","B6","X3","X27","X12","X15","B4","X7","B2","X26","X13","X34","X32","X36","X35","X6","X5","X37","X23","B","X11","X28","X24"
"1","D_0__Bacteria;D_1__Acidobacteria;D_2__Acidobacteriia;D_3__Acidobacteriales;D_4__Acidobacteriaceae(Subgroup1)",0,0,0,0,0,0.00108506944444444,0,0,0,0,0,0,0,0,0,0,0,0,0,0,0,0,0,0,0,0,0,0,0,0,0,0,0,0.00151909722222222,0,0,0,0,0,0,0,0,0,0,0,0,0,0
"2","D_0__Bacteria;D_1__Acidobacteria;D_2__Acidobacteriia;D_3__Acidobacteriales;D_4__uncultured",0,0,0,0,0,0,0,0,0,0,0,0,0,0,0,0,0,0,0,0,0,0,0,0,0,0,0,0,0,0,0,0,0,0.00108506944444444,0,0,0,0,0,0,0,0,0,0,0,0,0,0
"3","D_0__Bacteria;D_1__Acidobacteria;D_2__Acidobacteriia;D_3__Solibacterales;D_4__Solibacteraceae(Subgroup3)",0,0,0,0,0,0,0,0,0,0,0,0,0,0,0,0,0,0,0,0,0,0,0,0,0,0,0,0,0,0.00238715277777778,0,0,0,0.00108506944444444,0,0,0,0,0,0,0,0,0,0,0,0,0,0
"4","D_0__Bacteria;D_1__Acidobacteria;D_2__Blastocatellia(Subgroup4);D_3__Blastocatellales;D_4__Blastocatellaceae",0,0,0,0,0,0.00108506944444444,0,0,0,0,0,0,0,0,0,0,0,0,0,0,0.00282118055555556,0,0,0,0,0,0,0,0,0,0,0.000217013888888889,0.000868055555555556,0.00130208333333333,0,0,0,0,0,0,0,0,0,0,0,0,0.000651041666666667,0
"5","D_0__Bacteria;D_1__Acidobacteria;D_2__Holophagae;D_3__Subgroup7;Ambiguous_taxa",0,0,0,0,0,0.00130208333333333,0,0,0,0,0,0,0,0,0,0,0,0,0,0,0,0,0,0,0,0,0,0,0,0,0,0,0,0,0,0,0,0,0,0,0,0,0,0,0,0,0,0
"6","D_0__Bacteria;D_1__Acidobacteria;D_2__Thermoanaerobaculia;D_3__Thermoanaerobaculales;D_4__Thermoanaerobaculaceae",0,0,0,0,0,0,0,0,0,0,0,0,0.000434027777777778,0,0,0,0,0,0,0,0,0,0,0,0,0,0,0,0,0,0,0,0,0,0,0,0,0,0,0,0,0,0,0,0,0,0,0
"7","D_0__Bacteria;D_1__Actinobacteria;D_2__Acidimicrobiia;D_3__IMCC26256;Ambiguous_taxa",0,0,0,0,0,0,0,0,0,0,0,0,0,0,0,0,0,0,0,0.000434027777777778,0,0,0,0,0,0,0,0,0,0,0,0,0,0,0,0,0,0,0,0,0,0,0,0,0,0,0,0
"8","D_0__Bacteria;D_1__Actinobacteria;D_2__Acidimicrobiia;D_3__Microtrichales;D_4__Iamiaceae",0,0,0,0,0,0,0,0.000868055555555556,0,0,0,0,0,0,0,0,0,0,0,0,0,0,0,0,0,0,0,0,0,0,0,0,0,0,0,0,0,0,0,0,0,0,0,0,0,0,0,0
"9","D_0__Bacteria;D_1__Actinobacteria;D_2__Acidimicrobiia;D_3__Microtrichales;D_4__Ilumatobacteraceae",0,0,0,0,0,0,0,0,0,0,0,0,0,0,0,0,0,0,0,0,0,0,0,0,0,0.000868055555555556,0,0,0,0,0,0,0,0,0,0,0,0,0,0,0,0,0,0,0,0,0,0
"10","D_0__Bacteria;D_1__Actinobacteria;D_2__Acidimicrobiia;D_3__uncultured;Ambiguous_taxa",0,0,0,0,0.000434027777777778,0,0,0,0,0,0,0,0,0,0,0,0,0,0,0,0,0,0,0,0,0,0,0,0,0,0,0,0,0,0,0,0,0,0,0,0,0,0,0,0,0,0,0.000434027777777778
"11","D_0__Bacteria;D_1__Actinobacteria;D_2__Actinobacteria;D_3__Actinomycetales;D_4__Actinomycetaceae",0,0.0221354166666667,0,0,0,0,0.00390625,0.000868055555555556,0,0,0.000651041666666667,0,0,0,0,0,0,0,0,0,0,0.000217013888888889,0,0,0,0,0,0,0,0,0,0,0,0,0.000217013888888889,0,0,0,0,0.00368923611111111,0,0,0,0.000217013888888889,0,0,0,0
"12","D_0__Bacteria;D_1__Actinobacteria;D_2__Actinobacteria;D_3__Bifidobacteriales;D_4__Bifidobacteriaceae",0.0190972222222222,0.0646701388888889,0.0503472222222222,0.09765625,0.0125868055555556,0.013671875,0.114366319444444,0.0193142361111111,0.0748697916666667,0.00607638888888889,0.0412326388888889,0.0451388888888889,0.00802951388888889,0.00173611111111111,0.000868055555555556,0.00130208333333333,0.00737847222222222,0.0115017361111111,0.161241319444444,0.0182291666666667,0.0512152777777778,0.021484375,0.0101996527777778,0.000434027777777778,0.00303819444444444,0.013671875,0.056640625,0.000868055555555556,0.0284288194444444,0.0629340277777778,0.000651041666666667,0.00368923611111111,0.0308159722222222,0.0201822916666667,0.0353732638888889,0.0143229166666667,0.0577256944444444,0.0286458333333333,0.0210503472222222,0.0766059027777778,0.0353732638888889,0.0193142361111111,0.00868055555555556,0.0327690972222222,0.0533854166666667,0.000868055555555556,0.029296875,0.0130208333333333
"13","D_0__Bacteria;D_1__Actinobacteria;D_2__Actinobacteria;D_3__Corynebacteriales;D_4__Corynebacteriaceae",0.00390625,0.00238715277777778,0.00412326388888889,0.00108506944444444,0.000217013888888889,0.00108506944444444,0.0505642361111111,0.001953125,0.0427517361111111,0.00434027777777778,0.00542534722222222,0.0232204861111111,0.000868055555555556,0,0.000217013888888889,0,0,0.0399305555555556,0.0206163194444444,0.000651041666666667,0.00434027777777778,0.00368923611111111,0.000651041666666667,0.000217013888888889,0.00151909722222222,0.179470486111111,0.00151909722222222,0,0.0262586805555556,0.00846354166666667,0.000217013888888889,0.000217013888888889,0.00325520833333333,0.00282118055555556,0.000217013888888889,0,0.00629340277777778,0.000217013888888889,0.00108506944444444,0.00303819444444444,0.00303819444444444,0.00108506944444444,0.000434027777777778,0.000217013888888889,0.0310329861111111,0,0.00802951388888889,0.000217013888888889
"14","D_0__Bacteria;D_1__Actinobacteria;D_2__Actinobacteria;D_3__Corynebacteriales;D_4__Dietziaceae",0,0,0,0,0,0,0,0,0,0,0.000434027777777778,0,0,0,0,0,0,0,0,0,0,0,0,0,0,0,0,0,0,0,0,0,0,0,0,0,0,0,0,0,0,0,0,0,0,0,0,0
"15","D_0__Bacteria;D_1__Actinobacteria;D_2__Actinobacteria;D_3__Corynebacteriales;D_4__Mycobacteriaceae",0,0,0,0,0.000868055555555556,0,0,0,0,0,0,0,0,0,0,0,0,0,0,0,0,0,0,0.000217013888888889,0,0,0,0,0,0,0,0,0,0,0,0,0,0,0,0,0,0,0,0,0,0,0,0.000434027777777778
"16","D_0__Bacteria;D_1__Actinobacteria;D_2__Actinobacteria;D_3__Corynebacteriales;D_4__Nocardiaceae",0.00217013888888889,0.000651041666666667,0,0,0.000868055555555556,0,0.0193142361111111,0.000651041666666667,0.000434027777777778,0,0,0,0.001953125,0,0,0,0,0,0,0.000651041666666667,0.00607638888888889,0.001953125,0.00173611111111111,0,0.000217013888888889,0,0,0.000217013888888889,0,0,0,0,0.00130208333333333,0.001953125,0,0,0,0,0,0,0.001953125,0,0,0,0.000217013888888889,0,0.000868055555555556,0.000217013888888889
"17","D_0__Bacteria;D_1__Actinobacteria;D_2__Actinobacteria;D_3__Frankiales;D_4__Frankiaceae",0,0,0,0,0,0,0,0,0,0,0,0,0,0,0,0,0,0,0,0,0,0,0,0,0,0,0,0,0,0,0,0,0,0.000651041666666667,0,0,0,0,0,0,0,0,0,0,0,0,0,0
"18","D_0__Bacteria;D_1__Actinobacteria;D_2__Actinobacteria;D_3__Frankiales;D_4__Geodermatophilaceae",0,0,0,0,0.000434027777777778,0,0.00217013888888889,0,0.000651041666666667,0,0,0,0,0,0,0,0,0,0,0,0,0,0,0,0,0,0,0,0,0.00282118055555556,0,0,0,0.000651041666666667,0,0,0,0,0,0,0,0,0,0,0.00108506944444444,0,0,0.000434027777777778
"19","D_0__Bacteria;D_1__Actinobacteria;D_2__Actinobacteria;D_3__Frankiales;D_4__uncultured",0,0,0,0,0.000651041666666667,0,0,0,0,0,0,0,0,0,0,0,0,0,0,0,0,0,0,0,0,0,0,0,0,0,0,0,0,0,0,0,0,0,0,0,0,0,0,0,0,0,0,0.000434027777777778
"20","D_0__Bacteria;D_1__Actinobacteria;D_2__Actinobacteria;D_3__Frankiales;NA",0,0,0,0,0,0,0,0,0,0,0,0,0,0,0,0,0,0,0,0,0,0,0,0,0,0,0,0,0,0,0,0,0,0.000651041666666667,0,0,0,0,0,0,0,0,0,0,0,0,0,0
"21","D_0__Bacteria;D_1__Actinobacteria;D_2__Actinobacteria;D_3__Kineosporiales;D_4__Kineosporiaceae",0,0,0,0,0,0,0,0,0,0,0,0,0,0,0,0,0,0,0,0.00108506944444444,0,0,0,0,0,0,0,0,0,0,0,0,0,0.000434027777777778,0,0,0,0.000217013888888889,0,0,0,0,0,0,0,0,0,0
"22","D_0__Bacteria;D_1__Actinobacteria;D_2__Actinobacteria;D_3__Micrococcales;D_4__Beutenbergiaceae",0,0,0,0,0,0,0.00954861111111111,0,0,0,0,0.00151909722222222,0.000651041666666667,0,0,0,0,0,0,0,0.001953125,0.000434027777777778,0.000434027777777778,0,0,0,0,0,0,0,0,0,0,0,0,0,0,0,0,0,0,0,0,0,0,0,0,0
"23","D_0__Bacteria;D_1__Actinobacteria;D_2__Actinobacteria;D_3__Micrococcales;D_4__Bogoriellaceae",0,0,0,0,0,0,0,0,0,0,0,0,0,0,0,0,0,0,0,0,0,0,0,0,0,0,0,0,0,0.000651041666666667,0,0,0,0,0,0,0,0,0,0,0,0,0,0,0,0,0,0
"24","D_0__Bacteria;D_1__Actinobacteria;D_2__Actinobacteria;D_3__Micrococcales;D_4__Brevibacteriaceae",0,0,0,0,0,0.000868055555555556,0,0,0,0,0,0,0,0,0,0,0,0,0,0,0,0.000217013888888889,0,0,0,0,0,0,0.000868055555555556,0,0,0,0,0,0,0,0,0,0,0,0,0,0,0,0,0,0,0
"25","D_0__Bacteria;D_1__Actinobacteria;D_2__Actinobacteria;D_3__Micrococcales;D_4__Cellulomonadaceae",0,0,0,0,0.000217013888888889,0,0,0.00108506944444444,0,0,0,0.000217013888888889,0,0,0,0,0,0,0,0,0,0,0,0,0,0,0,0,0,0,0,0,0,0,0,0,0,0,0,0,0,0,0,0,0,0,0,0.000217013888888889
"26","D_0__Bacteria;D_1__Actinobacteria;D_2__Actinobacteria;D_3__Micrococcales;D_4__Dermabacteraceae",0.000434027777777778,0,0,0,0,0.000651041666666667,0.00368923611111111,0,0,0,0,0,0,0,0,0,0,0,0,0,0.00477430555555556,0,0.00173611111111111,0,0,0,0,0,0.00151909722222222,0,0,0,0,0,0,0,0,0,0,0,0.000651041666666667,0,0,0,0,0,0,0
"27","D_0__Bacteria;D_1__Actinobacteria;D_2__Actinobacteria;D_3__Micrococcales;D_4__Dermatophilaceae",0,0,0,0,0,0,0.005859375,0,0,0,0,0,0,0,0,0,0,0,0,0,0.00151909722222222,0,0,0,0,0.000868055555555556,0,0,0,0,0,0,0,0,0,0,0,0,0,0,0,0,0,0,0,0,0,0
"28","D_0__Bacteria;D_1__Actinobacteria;D_2__Actinobacteria;D_3__Micrococcales;D_4__Intrasporangiaceae",0.000217013888888889,0,0.000868055555555556,0,0,0,0.0368923611111111,0.000434027777777778,0,0,0,0,0.000217013888888889,0,0,0,0,0.000868055555555556,0,0,0.0286458333333333,0.00151909722222222,0,0,0,0,0,0,0,0.000651041666666667,0,0,0.000651041666666667,0,0,0,0,0,0,0,0.000651041666666667,0,0,0,0,0,0.000868055555555556,0
"29","D_0__Bacteria;D_1__Actinobacteria;D_2__Actinobacteria;D_3__Micrococcales;D_4__Microbacteriaceae",0.000651041666666667,0,0.000217013888888889,0.00260416666666667,0,0.00477430555555556,0.0479600694444444,0.000651041666666667,0.001953125,0,0,0.000434027777777778,0.000651041666666667,0,0,0,0,0,0,0.00130208333333333,0.00347222222222222,0.00130208333333333,0.000217013888888889,0,0,0,0,0.000217013888888889,0,0.000217013888888889,0,0.000651041666666667,0.00130208333333333,0.000434027777777778,0,0.00108506944444444,0,0,0.00130208333333333,0,0,0.000217013888888889,0,0,0.001953125,0,0.001953125,0.000868055555555556
"30","D_0__Bacteria;D_1__Actinobacteria;D_2__Actinobacteria;D_3__Micrococcales;D_4__Micrococcaceae",0.00151909722222222,0.00412326388888889,0.00434027777777778,0.00694444444444444,0.000868055555555556,0.00130208333333333,0.0724826388888889,0.001953125,0.0145399305555556,0.00282118055555556,0.000651041666666667,0.00542534722222222,0.00412326388888889,0,0.00108506944444444,0.000217013888888889,0,0.00217013888888889,0.000217013888888889,0.00347222222222222,0.0269097222222222,0.00477430555555556,0.00303819444444444,0.000434027777777778,0,0.00151909722222222,0.009765625,0.00108506944444444,0.00260416666666667,0.00629340277777778,0,0.000217013888888889,0.00499131944444444,0.00954861111111111,0.0101996527777778,0.0568576388888889,0.00998263888888889,0.00434027777777778,0.0132378472222222,0.00217013888888889,0.0301649305555556,0.00520833333333333,0,0.0101996527777778,0.0145399305555556,0.000217013888888889,0.00260416666666667,0.000217013888888889
"31","D_0__Bacteria;D_1__Actinobacteria;D_2__Actinobacteria;D_3__Micrococcales;D_4__Ruaniaceae",0,0,0,0,0,0,0.00108506944444444,0,0,0,0,0,0.000217013888888889,0,0,0,0,0,0,0,0.000868055555555556,0,0,0,0,0.000434027777777778,0,0,0,0,0,0,0.000651041666666667,0,0,0,0.000217013888888889,0,0.00260416666666667,0,0,0,0,0,0,0,0.000651041666666667,0
"32","D_0__Bacteria;D_1__Actinobacteria;D_2__Actinobacteria;D_3__Micrococcales;NA",0,0,0,0,0,0,0,0,0,0,0.00390625,0,0.000217013888888889,0,0,0,0,0,0,0,0,0,0,0,0,0,0,0,0,0.00151909722222222,0,0,0,0,0,0,0,0,0,0,0,0,0.000434027777777778,0,0,0,0,0
"33","D_0__Bacteria;D_1__Actinobacteria;D_2__Actinobacteria;D_3__Propionibacteriales;D_4__Nocardioidaceae",0,0,0,0,0.000868055555555556,0,0,0,0.005859375,0,0,0,0,0,0,0,0,0.000217013888888889,0,0.000217013888888889,0,0,0,0,0,0,0,0,0.000868055555555556,0,0,0,0,0.00108506944444444,0,0,0,0,0.00108506944444444,0,0,0,0,0,0.005859375,0,0,0.00108506944444444
"34","D_0__Bacteria;D_1__Actinobacteria;D_2__Actinobacteria;D_3__Propionibacteriales;D_4__Propionibacteriaceae",0,0.000217013888888889,0,0.000434027777777778,0,0,0,0,0.00108506944444444,0,0.000217013888888889,0,0,0,0,0,0,0,0,0,0,0,0,0,0,0,0,0,0,0,0,0,0,0,0,0,0,0,0,0,0,0,0,0,0.00108506944444444,0,0,0
"35","D_0__Bacteria;D_1__Actinobacteria;D_2__Actinobacteria;D_3__Pseudonocardiales;D_4__Pseudonocardiaceae",0.000217013888888889,0,0,0,0,0,0.000217013888888889,0.000217013888888889,0.00108506944444444,0,0,0.000217013888888889,0,0,0,0,0,0,0.00217013888888889,0,0.00108506944444444,0.00217013888888889,0,0,0,0,0.000868055555555556,0,0,0,0,0.000434027777777778,0.00390625,0.00130208333333333,0.000434027777777778,0.000217013888888889,0,0,0,0,0.000434027777777778,0.000217013888888889,0.000651041666666667,0.000434027777777778,0.000868055555555556,0,0.00347222222222222,0
"36","D_0__Bacteria;D_1__Actinobacteria;D_2__Actinobacteria;D_3__Streptomycetales;D_4__Streptomycetaceae",0,0,0,0.000868055555555556,0,0,0,0,0.00151909722222222,0,0,0,0,0,0,0,0,0,0,0,0,0,0,0,0,0,0,0,0,0,0,0,0,0,0,0,0,0.000434027777777778,0,0,0,0,0,0,0.00151909722222222,0,0,0
"37","D_0__Bacteria;D_1__Actinobacteria;D_2__Actinobacteria;D_3__Streptosporangiales;D_4__Nocardiopsaceae",0.00499131944444444,0,0.00130208333333333,0.00282118055555556,0,0,0,0,0,0,0,0.001953125,0,0,0,0,0.000217013888888889,0.00108506944444444,0.00412326388888889,0,0,0.00499131944444444,0.000217013888888889,0,0,0,0,0,0,0,0,0.000434027777777778,0.000217013888888889,0,0.000651041666666667,0.000434027777777778,0,0,0,0,0.0078125,0,0.000651041666666667,0.00151909722222222,0,0,0.000217013888888889,0
"38","D_0__Bacteria;D_1__Actinobacteria;D_2__Coriobacteriia;D_3__Coriobacteriales;D_4__Coriobacteriaceae",0,0.000868055555555556,0,0,0.000868055555555556,0,0,0,0,0,0,0,0,0,0,0,0,0,0,0,0,0,0,0,0,0.00217013888888889,0,0,0,0.00151909722222222,0,0,0,0,0,0,0,0,0,0.000434027777777778,0,0,0,0,0,0,0,0.000868055555555556
"39","D_0__Bacteria;D_1__Actinobacteria;D_2__Coriobacteriia;D_3__Coriobacteriales;D_4__Eggerthellaceae",0.000434027777777778,0,0,0.00542534722222222,0,0,0,0,0,0,0,0,0,0,0,0,0,0,0,0,0,0,0,0,0,0,0,0,0,0,0,0,0,0,0,0,0,0,0.000651041666666667,0,0,0,0,0,0,0,0,0
"40","D_0__Bacteria;D_1__Actinobacteria;D_2__Thermoleophilia;D_3__Gaiellales;D_4__uncultured",0,0,0,0,0.00217013888888889,0.000217013888888889,0,0,0,0,0,0,0,0,0,0,0,0,0,0,0,0,0,0,0,0,0,0,0,0,0,0,0,0,0,0,0,0,0,0,0,0,0,0,0,0,0,0.00130208333333333
"41","D_0__Bacteria;D_1__Actinobacteria;D_2__Thermoleophilia;D_3__Solirubrobacterales;D_4__67-14",0,0,0,0,0.000217013888888889,0,0,0.000651041666666667,0,0,0,0,0,0,0,0,0,0,0,0,0,0,0,0,0,0,0,0,0,0,0,0,0,0.000217013888888889,0,0,0,0,0,0,0,0,0,0,0,0,0,0.000434027777777778
"42","D_0__Bacteria;D_1__Actinobacteria;D_2__Thermoleophilia;D_3__Solirubrobacterales;D_4__Solirubrobacteraceae",0,0,0,0,0,0.000217013888888889,0,0,0,0,0,0,0,0,0,0,0,0,0,0,0,0.000651041666666667,0,0,0,0,0,0,0,0,0,0,0,0.000868055555555556,0,0,0,0,0,0,0,0,0,0,0,0,0,0.000217013888888889
"43","D_0__Bacteria;D_1__Actinobacteria;D_2__Thermoleophilia;D_3__Solirubrobacterales;NA",0,0,0,0,0,0,0,0,0,0,0,0,0,0,0,0,0,0,0,0.000217013888888889,0,0,0,0,0,0,0,0,0,0,0,0,0,0,0,0,0,0,0,0,0,0,0,0,0,0,0,0
"44","D_0__Bacteria;D_1__Armatimonadetes;D_2__uncultured;D_3__unculturedbacterium;D_4__unculturedbacterium",0,0,0,0,0,0,0,0,0,0,0,0,0,0,0,0,0,0,0,0.00151909722222222,0,0,0,0,0,0,0,0,0,0,0,0,0,0,0,0,0,0,0,0,0,0,0,0,0,0,0,0
"45","D_0__Bacteria;D_1__Bacteroidetes;D_2__Bacteroidia;D_3__Bacteroidales;D_4__Bacteroidaceae",0,0.005859375,0.000651041666666667,0,0,0.000217013888888889,0,0,0,0.000217013888888889,0.00151909722222222,0,0.00130208333333333,0,0,0,0,0,0,0.00173611111111111,0,0,0,0,0.000868055555555556,0.00325520833333333,0.0132378472222222,0,0.00303819444444444,0.00347222222222222,0,0,0.00217013888888889,0.00303819444444444,0.00390625,0,0,0.00108506944444444,0,0.00694444444444444,0,0,0,0.00325520833333333,0,0,0.00260416666666667,0
"46","D_0__Bacteria;D_1__Bacteroidetes;D_2__Bacteroidia;D_3__Bacteroidales;D_4__Dysgonomonadaceae",0,0,0.00173611111111111,0,0,0,0,0,0,0,0,0,0,0,0,0,0,0,0,0,0,0,0,0,0,0,0,0,0,0,0,0,0,0,0,0,0,0,0,0,0,0,0,0,0,0,0,0
"47","D_0__Bacteria;D_1__Bacteroidetes;D_2__Bacteroidia;D_3__Bacteroidales;D_4__Muribaculaceae",0,0,0,0,0,0,0,0,0,0,0,0,0,0,0,0,0,0,0,0,0,0,0,0,0,0,0,0,0,0.00412326388888889,0,0,0,0,0,0.00130208333333333,0,0,0,0,0.000434027777777778,0,0,0,0,0,0,0
"48","D_0__Bacteria;D_1__Bacteroidetes;D_2__Bacteroidia;D_3__Bacteroidales;D_4__Paludibacteraceae",0,0,0,0,0,0,0,0,0,0,0,0,0,0,0,0,0,0,0,0,0,0,0,0,0,0,0.00108506944444444,0,0,0,0,0,0,0,0,0,0,0,0,0,0,0,0,0,0,0,0,0
"49","D_0__Bacteria;D_1__Bacteroidetes;D_2__Bacteroidia;D_3__Bacteroidales;D_4__Prevotellaceae",0,0,0,0,0,0,0.00412326388888889,0,0,0,0,0,0,0,0,0,0,0,0,0,0.00130208333333333,0.000651041666666667,0,0,0,0.00282118055555556,0,0,0,0,0,0.000217013888888889,0,0.00108506944444444,0,0,0,0,0,0,0,0,0,0,0,0,0,0
"50","D_0__Bacteria;D_1__Bacteroidetes;D_2__Bacteroidia;D_3__Bacteroidales;D_4__Tannerellaceae",0,0,0,0,0,0,0,0,0,0,0,0,0,0,0,0,0,0,0,0,0,0,0,0,0,0,0,0,0.00151909722222222,0,0,0,0,0,0,0,0,0,0.000651041666666667,0,0,0,0.000434027777777778,0,0,0,0,0
"51","D_0__Bacteria;D_1__Bacteroidetes;D_2__Bacteroidia;D_3__Chitinophagales;D_4__Chitinophagaceae",0,0,0,0,0.00217013888888889,0.00282118055555556,0,0,0,0,0,0,0.00130208333333333,0,0,0,0,0,0,0.00260416666666667,0.00390625,0,0,0,0,0,0,0,0,0.00173611111111111,0,0,0,0.00173611111111111,0.001953125,0,0,0,0,0,0,0,0,0.001953125,0,0,0,0.00238715277777778
"52","D_0__Bacteria;D_1__Bacteroidetes;D_2__Bacteroidia;D_3__Cytophagales;D_4__Hymenobacteraceae",0,0,0.000217013888888889,0,0.00282118055555556,0.001953125,0.0134548611111111,0.00434027777777778,0.00933159722222222,0,0,0,0.00108506944444444,0,0,0,0,0,0,0.00390625,0.00325520833333333,0.00151909722222222,0.000217013888888889,0,0,0,0,0,0.00108506944444444,0.009765625,0,0,0,0.0110677083333333,0,0,0,0,0,0,0,0,0,0,0.0106336805555556,0,0,0.00303819444444444
"53","D_0__Bacteria;D_1__Bacteroidetes;D_2__Bacteroidia;D_3__Cytophagales;D_4__Microscillaceae",0,0.000217013888888889,0,0,0,0,0,0.000217013888888889,0,0,0,0.000217013888888889,0,0,0,0,0,0,0,0,0,0,0,0,0,0,0,0,0,0.00260416666666667,0,0,0,0,0,0,0,0,0,0.000434027777777778,0,0,0,0,0,0,0,0
"54","D_0__Bacteria;D_1__Bacteroidetes;D_2__Bacteroidia;D_3__Cytophagales;D_4__Spirosomaceae",0.000434027777777778,0,0,0,0.000651041666666667,0.001953125,0.00368923611111111,0,0.00499131944444444,0,0,0.00629340277777778,0.000434027777777778,0,0,0,0,0,0,0.00238715277777778,0.000434027777777778,0,0.000868055555555556,0,0,0,0.00217013888888889,0,0,0.00737847222222222,0,0,0,0,0.000217013888888889,0,0,0,0,0,0,0,0,0.000651041666666667,0.00607638888888889,0,0,0.000434027777777778
"55","D_0__Bacteria;D_1__Bacteroidetes;D_2__Bacteroidia;D_3__Flavobacteriales;D_4__Flavobacteriaceae",0,0.00238715277777778,0,0,0.00217013888888889,0.000434027777777778,0.000434027777777778,0,0,0,0,0.0138888888888889,0,0,0,0,0,0.00130208333333333,0,0.00130208333333333,0.000434027777777778,0,0,0,0,0,0.00108506944444444,0,0,0.00434027777777778,0,0,0.000651041666666667,0.00477430555555556,0.000651041666666667,0,0.00108506944444444,0,0,0.00130208333333333,0,0,0,0.000651041666666667,0,0,0.000651041666666667,0.001953125
"56","D_0__Bacteria;D_1__Bacteroidetes;D_2__Bacteroidia;D_3__Flavobacteriales;D_4__Weeksellaceae",0.00238715277777778,0,0.00238715277777778,0.00434027777777778,0.00889756944444444,0.00347222222222222,0.0308159722222222,0.00455729166666667,0.0286458333333333,0,0,0.00347222222222222,0.00846354166666667,0,0,0.00108506944444444,0,0.001953125,0.009765625,0.00325520833333333,0.0319010416666667,0.001953125,0.00282118055555556,0,0,0.00173611111111111,0.00325520833333333,0.000217013888888889,0.00151909722222222,0.0119357638888889,0,0.000434027777777778,0.00347222222222222,0.0297309027777778,0.00651041666666667,0,0.0134548611111111,0,0,0.000434027777777778,0,0,0,0.00672743055555556,0.0249565972222222,0.000434027777777778,0.00477430555555556,0.00737847222222222
"57","D_0__Bacteria;D_1__Bacteroidetes;D_2__Bacteroidia;D_3__Sphingobacteriales;D_4__env.OPS17",0,0,0,0,0,0,0,0,0,0,0,0.00282118055555556,0,0,0,0,0,0,0,0,0,0,0,0,0,0,0,0,0,0,0,0,0,0,0,0,0,0,0,0,0,0,0,0,0,0,0,0
"58","D_0__Bacteria;D_1__Bacteroidetes;D_2__Bacteroidia;D_3__Sphingobacteriales;D_4__Sphingobacteriaceae",0.00130208333333333,0,0,0.001953125,0.0138888888888889,0.00998263888888889,0.015625,0.00303819444444444,0.0394965277777778,0,0,0.0143229166666667,0.000651041666666667,0,0,0,0,0.00173611111111111,0.0101996527777778,0.00520833333333333,0.0340711805555556,0.000868055555555556,0.00108506944444444,0,0.000217013888888889,0,0.00455729166666667,0.000651041666666667,0.00151909722222222,0.00716145833333333,0,0.000434027777777778,0.00108506944444444,0.00868055555555556,0.00260416666666667,0,0.00716145833333333,0,0,0,0,0,0,0.00173611111111111,0.0342881944444444,0,0.00108506944444444,0.0130208333333333
"59","D_0__Bacteria;D_1__Bacteroidetes;D_2__Rhodothermia;D_3__Rhodothermales;D_4__Rhodothermaceae",0,0,0,0,0,0,0,0,0,0,0,0,0,0,0,0,0,0,0,0,0.00108506944444444,0,0,0,0,0,0,0,0,0,0,0,0,0,0,0,0,0,0,0,0,0,0,0,0,0,0,0
"60","D_0__Bacteria;D_1__Chlamydiae;D_2__Chlamydiae;D_3__Chlamydiales;D_4__Simkaniaceae",0,0,0,0,0,0,0,0.000868055555555556,0,0,0,0,0,0,0,0,0,0,0,0,0,0,0,0,0,0,0,0,0,0,0,0,0,0,0,0,0,0,0,0,0,0,0,0,0,0,0,0
"61","D_0__Bacteria;D_1__Chloroflexi;D_2__Anaerolineae;D_3__RBG-13-54-9;Ambiguous_taxa",0,0,0,0,0,0,0,0,0,0,0,0,0,0,0,0,0,0,0,0.000434027777777778,0,0,0,0,0,0,0,0,0,0,0,0,0,0,0,0,0,0,0,0,0,0,0,0,0,0,0,0
"62","D_0__Bacteria;D_1__Chloroflexi;D_2__Chloroflexia;D_3__Chloroflexales;D_4__Chloroflexaceae",0,0,0,0,0,0,0.00390625,0,0,0,0,0,0,0,0,0,0,0,0,0,0,0,0,0,0,0,0,0,0,0,0,0,0,0,0,0,0,0,0,0,0,0,0,0,0,0,0,0
"63","D_0__Bacteria;D_1__Chloroflexi;D_2__Gitt-GS-136;D_3__unculturedbacterium;D_4__unculturedbacterium",0.00130208333333333,0,0,0,0,0,0,0,0,0,0,0,0,0,0,0,0,0,0,0,0,0,0,0,0,0,0,0,0,0,0,0,0,0,0,0,0,0,0,0,0,0,0,0,0,0,0,0
"64","D_0__Bacteria;D_1__Chloroflexi;D_2__KD4-96;D_3__unculturedbacterium;D_4__unculturedbacterium",0,0,0,0,0.000217013888888889,0,0,0,0,0,0,0,0,0,0,0,0,0,0,0,0,0,0,0,0,0,0,0,0,0,0,0,0,0,0,0,0,0,0,0,0,0,0,0,0,0,0,0.000868055555555556
"65","D_0__Bacteria;D_1__Cyanobacteria;D_2__Sericytochromatia;Ambiguous_taxa;Ambiguous_taxa",0,0,0,0.00347222222222222,0,0,0,0,0,0,0,0.00368923611111111,0,0,0,0,0,0.000434027777777778,0,0,0.000434027777777778,0,0,0,0,0,0,0,0,0,0,0,0,0,0.000651041666666667,0,0,0,0,0,0,0,0,0.000434027777777778,0,0,0,0
"66","D_0__Bacteria;D_1__Deinococcus-Thermus;D_2__Deinococci;D_3__Deinococcales;D_4__Deinococcaceae",0.00151909722222222,0.001953125,0.00173611111111111,0,0,0,0.0373263888888889,0,0,0,0,0.001953125,0.00130208333333333,0,0,0.000217013888888889,0,0,0,0,0.0125868055555556,0.000434027777777778,0,0,0,0.000434027777777778,0,0,0,0,0,0,0.000868055555555556,0,0.00151909722222222,0,0.000217013888888889,0,0,0,0,0,0,0.00108506944444444,0,0.000217013888888889,0.00238715277777778,0
"67","D_0__Bacteria;D_1__Deinococcus-Thermus;D_2__Deinococci;D_3__Deinococcales;D_4__Trueperaceae",0,0,0,0,0,0,0,0,0,0,0,0,0,0,0,0,0,0,0,0,0,0,0,0,0,0,0,0,0,0,0,0,0,0,0,0,0,0.000434027777777778,0,0,0,0,0,0,0,0,0,0
"68","D_0__Bacteria;D_1__Dependentiae;D_2__Babeliae;D_3__Babeliales;D_4__Vermiphilaceae",0,0,0,0,0,0,0,0,0,0,0,0,0,0,0,0,0,0,0,0,0,0,0,0,0,0,0,0,0,0,0,0,0,0,0.000651041666666667,0,0,0,0,0,0,0,0,0.000651041666666667,0,0,0,0
"69","D_0__Bacteria;D_1__Epsilonbacteraeota;D_2__Campylobacteria;D_3__Campylobacterales;D_4__Campylobacteraceae",0.439670138888889,0,0,0,0.00108506944444444,0.857421875,0.00694444444444444,0.677517361111111,0,0.887369791666667,0,0,0.858072916666667,0.000217013888888889,0.253038194444444,0.00368923611111111,0,0.873046875,0.000868055555555556,0.725260416666667,0.00889756944444444,0,0.060546875,0,0,0.00108506944444444,0.601128472222222,0,0.03125,0.0325520833333333,0.000217013888888889,0.941623263888889,0.000217013888888889,0.511284722222222,0,0,0,0.0568576388888889,0.001953125,0,0,0.0101996527777778,0,0,0,0.00347222222222222,0.000217013888888889,0
"70","D_0__Bacteria;D_1__Epsilonbacteraeota;D_2__Campylobacteria;D_3__Campylobacterales;D_4__Helicobacteraceae",0,0.000217013888888889,0.00607638888888889,0.65625,0.7578125,0,0,0.0104166666666667,0,0,0,0,0.000217013888888889,0,0,0.000217013888888889,0,0,0,0,0,0,0.553602430555556,0,0.252821180555556,0,0,0.0230034722222222,0.3359375,0.369791666666667,0,0,0.722005208333333,0.0505642361111111,0.00542534722222222,0,0,0,0.00282118055555556,0,0,0,0.000217013888888889,0.00824652777777778,0.000434027777777778,0,0.715060763888889,0.764756944444444
"71","D_0__Bacteria;D_1__FBP;Ambiguous_taxa;Ambiguous_taxa;Ambiguous_taxa",0,0,0,0,0.000217013888888889,0,0,0,0,0,0,0,0,0,0,0,0,0,0,0,0,0,0,0,0,0,0,0,0,0,0,0,0,0,0,0,0,0,0,0,0,0,0,0,0,0,0,0.000217013888888889
"72","D_0__Bacteria;D_1__FBP;D_2__unculturedbacterium;D_3__unculturedbacterium;D_4__unculturedbacterium",0,0,0,0,0,0,0.00325520833333333,0,0.00130208333333333,0,0,0,0,0,0,0,0,0,0,0,0.00130208333333333,0,0.000651041666666667,0,0,0,0,0,0,0,0,0,0,0,0,0,0,0,0,0,0,0,0,0,0.00108506944444444,0,0,0
"73","D_0__Bacteria;D_1__Firmicutes;D_2__Bacilli;D_3__Bacillales;D_4__Alicyclobacillaceae",0.000434027777777778,0.00694444444444444,0.000868055555555556,0,0.00217013888888889,0.00173611111111111,0.00651041666666667,0.00238715277777778,0.0234375,0.00130208333333333,0.00368923611111111,0.009765625,0.00130208333333333,0,0.000217013888888889,0.000217013888888889,0,0.00238715277777778,0.009765625,0.00455729166666667,0.00824652777777778,0.00173611111111111,0.00151909722222222,0,0.000868055555555556,0.00368923611111111,0.00260416666666667,0.000217013888888889,0.00282118055555556,0.00933159722222222,0.000217013888888889,0.000217013888888889,0.000434027777777778,0.00542534722222222,0.00151909722222222,0.000651041666666667,0.0104166666666667,0.00217013888888889,0.00238715277777778,0.00412326388888889,0.00802951388888889,0.00347222222222222,0.000651041666666667,0.00217013888888889,0.00347222222222222,0.000217013888888889,0.000217013888888889,0.00217013888888889
"74","D_0__Bacteria;D_1__Firmicutes;D_2__Bacilli;D_3__Bacillales;D_4__Bacillaceae",0.00499131944444444,0.0115017361111111,0.00347222222222222,0.0106336805555556,0.00499131944444444,0.00303819444444444,0.00889756944444444,0.00911458333333333,0.0217013888888889,0.000217013888888889,0.00737847222222222,0.0963541666666667,0.00477430555555556,0,0.000434027777777778,0.00368923611111111,0.00238715277777778,0.001953125,0.00260416666666667,0.0145399305555556,0.0121527777777778,0.0104166666666667,0.000434027777777778,0,0.000434027777777778,0.005859375,0.0182291666666667,0.00151909722222222,0.01953125,0.0190972222222222,0,0.00303819444444444,0.0154079861111111,0.00303819444444444,0.00694444444444444,0.000434027777777778,0.00434027777777778,0.00347222222222222,0.00151909722222222,0.0141059027777778,0.02734375,0.00303819444444444,0.000651041666666667,0.00716145833333333,0.0217013888888889,0.00325520833333333,0.0223524305555556,0.00607638888888889
"75","D_0__Bacteria;D_1__Firmicutes;D_2__Bacilli;D_3__Bacillales;D_4__FamilyXI",0.000217013888888889,0.00824652777777778,0,0,0,0,0,0,0,0,0.000434027777777778,0,0.000217013888888889,0,0,0,0,0,0,0,0,0,0,0,0,0,0,0,0,0,0,0,0.000434027777777778,0,0,0,0,0,0,0,0,0.000434027777777778,0,0,0,0,0.000651041666666667,0
"76","D_0__Bacteria;D_1__Firmicutes;D_2__Bacilli;D_3__Bacillales;D_4__Paenibacillaceae",0.000434027777777778,0,0,0,0.00173611111111111,0,0,0,0.00455729166666667,0,0,0,0.000434027777777778,0,0,0,0,0.000217013888888889,0,0.000217013888888889,0.00173611111111111,0.000434027777777778,0,0,0,0,0,0,0.00108506944444444,0,0,0.000217013888888889,0.00282118055555556,0,0.000651041666666667,0,0,0,0.000217013888888889,0,0,0,0,0.000651041666666667,0.00347222222222222,0,0.00499131944444444,0.00303819444444444
"77","D_0__Bacteria;D_1__Firmicutes;D_2__Bacilli;D_3__Bacillales;D_4__Planococcaceae",0,0.00477430555555556,0,0.0249565972222222,0.00303819444444444,0,0.00759548611111111,0.000217013888888889,0.0197482638888889,0,0,0.00759548611111111,0.000434027777777778,0,0.000434027777777778,0,0,0,0,0.000217013888888889,0.0384114583333333,0.000868055555555556,0.000651041666666667,0.000217013888888889,0.000217013888888889,0,0.00434027777777778,0,0.00108506944444444,0.001953125,0,0.000217013888888889,0.00173611111111111,0.00238715277777778,0.00672743055555556,0,0.00130208333333333,0,0.00217013888888889,0.00954861111111111,0,0,0,0.00868055555555556,0.0190972222222222,0,0.00368923611111111,0.00282118055555556
"78","D_0__Bacteria;D_1__Firmicutes;D_2__Bacilli;D_3__Bacillales;D_4__Staphylococcaceae",0.000217013888888889,0.000217013888888889,0.000217013888888889,0,0,0.000217013888888889,0,0,0,0,0,0.000651041666666667,0,0,0,0,0,0.000217013888888889,0,0.00108506944444444,0,0,0.000217013888888889,0,0.00108506944444444,0,0.000217013888888889,0.000217013888888889,0.00151909722222222,0.001953125,0.000217013888888889,0.000651041666666667,0.000217013888888889,0,0.000217013888888889,0,0,0,0,0.000217013888888889,0,0,0.000217013888888889,0.000434027777777778,0,0,0.000434027777777778,0
"79","D_0__Bacteria;D_1__Firmicutes;D_2__Bacilli;D_3__Lactobacillales;D_4__Aerococcaceae",0,0,0,0,0,0,0,0,0.00520833333333333,0,0,0,0,0,0,0,0,0,0,0.000434027777777778,0,0,0,0,0,0,0,0,0,0,0,0,0,0.000434027777777778,0,0,0,0,0,0,0,0,0,0,0.00520833333333333,0,0,0
"80","D_0__Bacteria;D_1__Firmicutes;D_2__Bacilli;D_3__Lactobacillales;D_4__Carnobacteriaceae",0.00607638888888889,0.00390625,0,0,0.00108506944444444,0,0.0379774305555556,0.000868055555555556,0.00303819444444444,0,0,0.000868055555555556,0.000434027777777778,0,0,0.000217013888888889,0,0.000651041666666667,0,0,0.0184461805555556,0.00238715277777778,0.00173611111111111,0,0,0.00151909722222222,0,0,0.000868055555555556,0,0,0.000651041666666667,0.00217013888888889,0,0.00651041666666667,0,0.00868055555555555,0,0,0.000868055555555556,0,0.000217013888888889,0,0.00629340277777778,0.00390625,0,0.00217013888888889,0.00173611111111111
"81","D_0__Bacteria;D_1__Firmicutes;D_2__Bacilli;D_3__Lactobacillales;D_4__Enterococcaceae",0.298177083333333,0.285373263888889,0.788411458333333,0.0104166666666667,0.00412326388888889,0.000217013888888889,0.048828125,0.00282118055555556,0.02734375,0.00911458333333333,0.833333333333333,0.124782986111111,0.0282118055555556,0.909288194444445,0.317057291666667,0.0240885416666667,0.929470486111111,0.00933159722222222,0.0223524305555556,0.00607638888888889,0.373480902777778,0.660807291666667,0.315538194444444,0.993923611111111,0.386284722222222,0.501302083333333,0.00759548611111111,0.778211805555556,0.00889756944444444,0.00520833333333333,0.530815972222222,0.00477430555555556,0.0323350694444444,0.00607638888888889,0.0655381944444444,0.624131944444444,0.520182291666667,0.0631510416666667,0.652777777777778,0.267361111111111,0.692274305555556,0.435763888888889,0.531901041666667,0.0616319444444444,0.0262586805555556,0.0234375,0.0275607638888889,0.00325520833333333
"82","D_0__Bacteria;D_1__Firmicutes;D_2__Bacilli;D_3__Lactobacillales;D_4__Lactobacillaceae",0.0238715277777778,0.323567708333333,0.000217013888888889,0.00347222222222222,0.00217013888888889,0,0.0132378472222222,0.00130208333333333,0,0.001953125,0.0225694444444444,0.0078125,0.0275607638888889,0.0863715277777778,0.382161458333333,0.0334201388888889,0.0466579861111111,0.0106336805555556,0.0850694444444444,0.0210503472222222,0.0349392361111111,0.154079861111111,0.009765625,0,0.333550347222222,0.00390625,0,0.181423611111111,0,0.000434027777777778,0.457682291666667,0.00130208333333333,0,0.00325520833333333,0.00238715277777778,0.254774305555556,0.01953125,0.394965277777778,0.273220486111111,0.4296875,0.0364583333333333,0.423394097222222,0.442491319444444,0.00151909722222222,0,0.0394965277777778,0,0.000434027777777778
"83","D_0__Bacteria;D_1__Firmicutes;D_2__Bacilli;D_3__Lactobacillales;D_4__Leuconostocaceae",0.00130208333333333,0.00303819444444444,0.00217013888888889,0.000217013888888889,0.000651041666666667,0.000217013888888889,0,0,0,0,0.000217013888888889,0.0345052083333333,0.00108506944444444,0,0.000217013888888889,0.000217013888888889,0.000217013888888889,0.000217013888888889,0.00651041666666667,0.000868055555555556,0.00802951388888889,0.000868055555555556,0,0,0,0.00759548611111111,0.00130208333333333,0,0.00520833333333333,0,0,0.000434027777777778,0.000651041666666667,0,0.00455729166666667,0,0.00499131944444444,0,0,0,0,0,0,0.00412326388888889,0.000217013888888889,0,0,0.000434027777777778
"84","D_0__Bacteria;D_1__Firmicutes;D_2__Bacilli;D_3__Lactobacillales;D_4__Streptococcaceae",0.00889756944444444,0.0930989583333333,0.0271267361111111,0.0258246527777778,0.00737847222222222,0.00260416666666667,0.0388454861111111,0.00130208333333333,0.0186631944444444,0.00434027777777778,0.0108506944444444,0.0101996527777778,0.00998263888888889,0,0.000434027777777778,0.00130208333333333,0.000868055555555556,0.005859375,0.044921875,0.005859375,0.0210503472222222,0.00217013888888889,0.000651041666666667,0,0.00108506944444444,0.00911458333333333,0.0232204861111111,0.000217013888888889,0.00282118055555556,0.00520833333333333,0.000217013888888889,0.00108506944444444,0.00868055555555556,0.00737847222222222,0.0173611111111111,0.00238715277777778,0.00629340277777778,0.00629340277777778,0.00347222222222222,0.0327690972222222,0.00238715277777778,0.00282118055555556,0.000217013888888889,0.0184461805555556,0.017578125,0.000217013888888889,0.00499131944444444,0.00651041666666667
"85","D_0__Bacteria;D_1__Firmicutes;D_2__Clostridia;D_3__Clostridiales;D_4__Clostridiaceae1",0.00303819444444444,0.0138888888888889,0.0110677083333333,0,0.00173611111111111,0.00238715277777778,0.00282118055555556,0.00390625,0,0.00108506944444444,0.00282118055555556,0,0.000868055555555556,0,0.001953125,0.000434027777777778,0.001953125,0,0.0290798611111111,0.00303819444444444,0,0.000868055555555556,0.00282118055555556,0,0.00412326388888889,0.00520833333333333,0,0.00824652777777778,0.00325520833333333,0.00347222222222222,0.00434027777777778,0,0.00282118055555556,0.0169270833333333,0,0.000868055555555556,0,0.0234375,0.001953125,0.037109375,0.122829861111111,0.00672743055555556,0,0,0,0.000868055555555556,0.00434027777777778,0.00151909722222222
"86","D_0__Bacteria;D_1__Firmicutes;D_2__Clostridia;D_3__Clostridiales;D_4__Eubacteriaceae",0,0,0,0,0,0,0,0,0,0,0,0,0,0,0,0,0,0,0,0,0,0.000434027777777778,0,0,0,0,0,0,0,0,0,0,0,0,0,0,0,0,0,0,0,0,0,0,0,0,0,0
"87","D_0__Bacteria;D_1__Firmicutes;D_2__Clostridia;D_3__Clostridiales;D_4__FamilyXI",0.000651041666666667,0,0,0,0,0,0,0,0,0,0,0,0,0,0,0,0,0,0,0,0,0,0,0,0,0,0,0,0,0,0,0,0.00260416666666667,0,0,0,0,0,0.000651041666666667,0.000434027777777778,0,0,0,0,0,0,0.001953125,0
"88","D_0__Bacteria;D_1__Firmicutes;D_2__Clostridia;D_3__Clostridiales;D_4__Lachnospiraceae",0.00651041666666667,0.00716145833333333,0.0238715277777778,0.015625,0.00412326388888889,0.00607638888888889,0.091796875,0.00564236111111111,0.0501302083333333,0.00282118055555556,0.0167100694444444,0.0210503472222222,0.00173611111111111,0.000651041666666667,0.000868055555555556,0.00130208333333333,0.001953125,0.00759548611111111,0.0848524305555556,0.0138888888888889,0.009765625,0.00368923611111111,0.00434027777777778,0.000217013888888889,0.00130208333333333,0.0310329861111111,0.048828125,0.000217013888888889,0.00868055555555556,0.0375434027777778,0,0.00694444444444444,0.0186631944444444,0.0132378472222222,0.021484375,0.0123697916666667,0.0251736111111111,0.0112847222222222,0.001953125,0.0479600694444444,0.0078125,0.00217013888888889,0.00434027777777778,0.0173611111111111,0.0438368055555556,0.000868055555555556,0.0210503472222222,0.00455729166666667
"89","D_0__Bacteria;D_1__Firmicutes;D_2__Clostridia;D_3__Clostridiales;D_4__Peptococcaceae",0,0,0,0,0,0,0,0,0,0,0,0,0,0,0,0,0,0,0,0,0,0,0,0,0,0,0,0,0,0,0,0,0,0,0,0,0,0,0,0,0,0.000434027777777778,0,0,0,0,0,0
"90","D_0__Bacteria;D_1__Firmicutes;D_2__Clostridia;D_3__Clostridiales;D_4__Peptostreptococcaceae",0.00108506944444444,0,0.00412326388888889,0,0,0.000651041666666667,0.005859375,0.000217013888888889,0,0.000217013888888889,0.00260416666666667,0.00390625,0.000217013888888889,0,0,0,0.000217013888888889,0.000434027777777778,0,0,0.00130208333333333,0,0.00108506944444444,0,0.000651041666666667,0,0,0,0.000434027777777778,0,0,0,0.00694444444444444,0.00130208333333333,0,0.00130208333333333,0.00824652777777778,0.000434027777777778,0,0,0,0,0,0,0,0,0.00607638888888889,0
"91","D_0__Bacteria;D_1__Firmicutes;D_2__Clostridia;D_3__Clostridiales;D_4__Ruminococcaceae",0.00260416666666667,0.00260416666666667,0.00303819444444444,0.00672743055555556,0.000434027777777778,0,0.001953125,0.00303819444444444,0.0303819444444444,0.000217013888888889,0.00260416666666667,0.00260416666666667,0,0,0,0.000217013888888889,0.000651041666666667,0.000434027777777778,0.0303819444444444,0.000868055555555556,0.00130208333333333,0.00108506944444444,0.000217013888888889,0,0.00303819444444444,0.00499131944444444,0.00651041666666667,0,0,0.005859375,0,0.000434027777777778,0,0.00368923611111111,0.000434027777777778,0.00108506944444444,0.00542534722222222,0.00260416666666667,0.000868055555555556,0.00325520833333333,0.000868055555555556,0.00173611111111111,0.000868055555555556,0.000217013888888889,0.01953125,0.000434027777777778,0,0.00108506944444444
"92","D_0__Bacteria;D_1__Firmicutes;D_2__Erysipelotrichia;D_3__Erysipelotrichales;D_4__Erysipelotrichaceae",0.00282118055555556,0,0,0,0,0,0,0,0.00629340277777778,0,0,0,0,0,0,0,0,0,0.0598958333333333,0.00238715277777778,0.001953125,0,0,0,0,0.00238715277777778,0.001953125,0,0,0,0,0,0.000651041666666667,0,0.00368923611111111,0.00108506944444444,0,0.000651041666666667,0,0,0,0.000217013888888889,0.00130208333333333,0.00412326388888889,0.00564236111111111,0,0.00108506944444444,0
"93","D_0__Bacteria;D_1__Firmicutes;D_2__Negativicutes;D_3__Selenomonadales;D_4__Acidaminococcaceae",0,0,0,0,0,0,0,0,0,0.000217013888888889,0,0,0,0,0,0,0,0,0,0.000651041666666667,0,0.000651041666666667,0,0,0,0,0,0,0,0,0,0,0,0,0,0,0,0,0,0,0,0,0,0,0,0,0,0
"94","D_0__Bacteria;D_1__Firmicutes;D_2__Negativicutes;D_3__Selenomonadales;D_4__Veillonellaceae",0,0.000868055555555556,0.00325520833333333,0,0.00108506944444444,0,0.0279947916666667,0.001953125,0.0078125,0.000868055555555556,0,0,0.000217013888888889,0,0.000217013888888889,0,0,0.000651041666666667,0,0.00108506944444444,0,0.00260416666666667,0.000217013888888889,0,0,0.0108506944444444,0.00238715277777778,0,0.00282118055555556,0.00672743055555556,0,0.000434027777777778,0.00347222222222222,0,0.0128038194444444,0.000217013888888889,0.00412326388888889,0.00499131944444444,0.00260416666666667,0,0.000651041666666667,0,0.000434027777777778,0.0151909722222222,0.00629340277777778,0,0.000217013888888889,0.00173611111111111
"95","D_0__Bacteria;D_1__Fusobacteria;D_2__Fusobacteriia;D_3__Fusobacteriales;D_4__Fusobacteriaceae",0.00130208333333333,0.00238715277777778,0,0,0,0,0,0,0,0,0,0,0,0,0,0,0,0,0,0,0,0,0,0,0,0,0,0,0,0,0,0,0,0,0,0,0,0,0,0,0,0.000434027777777778,0,0,0,0,0,0
"96","D_0__Bacteria;D_1__Fusobacteria;D_2__Fusobacteriia;D_3__Fusobacteriales;D_4__Leptotrichiaceae",0,0.00238715277777778,0,0,0,0,0.0104166666666667,0,0,0,0,0,0,0,0,0,0,0,0,0,0,0,0,0,0,0,0,0,0,0,0,0,0,0,0,0,0.00347222222222222,0,0,0,0,0,0,0,0,0,0,0
"97","D_0__Bacteria;D_1__Gemmatimonadetes;D_2__Gemmatimonadetes;D_3__Gemmatimonadales;D_4__Gemmatimonadaceae",0,0,0,0,0.000217013888888889,0,0,0,0,0,0,0,0,0,0,0,0,0,0,0,0,0,0,0,0,0,0,0,0,0.00303819444444444,0,0,0,0,0,0,0,0,0,0,0,0,0,0,0,0,0,0.000217013888888889
"98","D_0__Bacteria;D_1__Planctomycetes;D_2__Planctomycetacia;D_3__Isosphaerales;D_4__Isosphaeraceae",0,0,0,0,0,0,0,0,0.000651041666666667,0,0,0,0,0,0,0,0,0,0,0,0,0,0,0,0,0,0,0,0,0,0,0,0,0,0,0,0,0,0,0,0,0,0,0,0.000651041666666667,0,0,0
"99","D_0__Bacteria;D_1__Proteobacteria;D_2__Alphaproteobacteria;D_3__Acetobacterales;D_4__Acetobacteraceae",0,0,0,0.000434027777777778,0.000434027777777778,0.00151909722222222,0,0,0.00303819444444444,0,0,0,0.000434027777777778,0,0,0,0,0,0,0,0.000651041666666667,0,0.000868055555555556,0,0,0,0,0,0,0,0,0,0,0.00173611111111111,0.00303819444444444,0.000651041666666667,0.00217013888888889,0,0,0,0,0,0.000217013888888889,0.00238715277777778,0.00238715277777778,0,0,0.00108506944444444
"100","D_0__Bacteria;D_1__Proteobacteria;D_2__Alphaproteobacteria;D_3__Azospirillales;D_4__Azospirillaceae",0,0,0,0,0,0,0,0,0,0,0,0,0,0,0,0,0,0,0,0.00217013888888889,0,0,0,0,0,0,0,0,0,0,0,0,0,0,0,0,0,0,0,0,0,0,0,0,0,0,0,0
"101","D_0__Bacteria;D_1__Proteobacteria;D_2__Alphaproteobacteria;D_3__Caulobacterales;D_4__Caulobacteraceae",0,0,0,0,0.00368923611111111,0.00303819444444444,0.000217013888888889,0.000217013888888889,0,0,0,0.00303819444444444,0.000434027777777778,0,0,0,0,0,0.00477430555555556,0.00173611111111111,0.00412326388888889,0.00108506944444444,0,0,0.000434027777777778,0,0.00303819444444444,0,0,0.00238715277777778,0,0,0,0.00455729166666667,0,0,0,0.000651041666666667,0,0,0,0,0,0,0,0,0,0.00325520833333333
"102","D_0__Bacteria;D_1__Proteobacteria;D_2__Alphaproteobacteria;D_3__Elsterales;D_4__uncultured",0,0,0,0,0.000434027777777778,0,0,0,0,0,0,0,0,0,0,0,0,0,0,0,0,0,0,0,0,0,0,0,0,0,0,0,0,0,0,0,0,0,0,0,0,0,0,0,0,0,0,0
"103","D_0__Bacteria;D_1__Proteobacteria;D_2__Alphaproteobacteria;D_3__Micavibrionales;D_4__Micavibrionaceae",0,0,0,0,0.00108506944444444,0,0,0,0,0,0,0,0,0,0,0,0,0,0,0,0,0,0,0,0,0,0,0,0,0,0,0,0,0,0,0,0,0,0,0,0,0,0,0,0,0,0,0.00217013888888889
"104","D_0__Bacteria;D_1__Proteobacteria;D_2__Alphaproteobacteria;D_3__Rhizobiales;D_4__Beijerinckiaceae",0,0.000434027777777778,0,0,0.00173611111111111,0.000651041666666667,0.00303819444444444,0.00477430555555556,0.005859375,0,0,0.00130208333333333,0.000651041666666667,0.000217013888888889,0,0,0.000651041666666667,0,0,0.00564236111111111,0.00607638888888889,0,0.000217013888888889,0,0,0,0,0.000217013888888889,0,0.0138888888888889,0,0,0,0.0106336805555556,0.00520833333333333,0,0.000217013888888889,0,0.000434027777777778,0,0,0.000651041666666667,0.000434027777777778,0.00434027777777778,0.005859375,0,0,0.00217013888888889
"105","D_0__Bacteria;D_1__Proteobacteria;D_2__Alphaproteobacteria;D_3__Rhizobiales;D_4__Devosiaceae",0,0,0,0,0.000434027777777778,0,0,0,0,0,0,0,0,0,0,0,0,0,0,0,0,0,0,0,0,0,0,0,0,0,0,0,0,0,0,0,0,0,0,0,0,0,0,0,0,0,0,0.000217013888888889
"106","D_0__Bacteria;D_1__Proteobacteria;D_2__Alphaproteobacteria;D_3__Rhizobiales;D_4__Hyphomicrobiaceae",0,0,0,0,0,0,0,0.00108506944444444,0,0,0.00151909722222222,0,0,0,0,0,0,0,0,0,0,0.000868055555555556,0,0,0,0,0,0,0,0,0,0,0.000217013888888889,0.00108506944444444,0,0,0,0,0,0,0,0,0,0,0,0,0,0
"107","D_0__Bacteria;D_1__Proteobacteria;D_2__Alphaproteobacteria;D_3__Rhizobiales;D_4__KF-JG30-B3",0,0,0,0,0,0,0,0,0,0,0,0,0,0,0,0,0,0,0,0,0,0,0,0,0,0,0,0,0,0,0,0,0,0.000651041666666667,0,0,0,0,0,0,0,0,0,0,0,0,0,0
"108","D_0__Bacteria;D_1__Proteobacteria;D_2__Alphaproteobacteria;D_3__Rhizobiales;D_4__Methyloligellaceae",0,0,0,0,0,0.000217013888888889,0,0,0,0,0,0,0,0,0,0,0,0,0,0,0,0,0,0,0,0,0,0,0,0,0,0,0,0.001953125,0,0,0,0,0,0,0,0,0,0,0,0,0,0
"109","D_0__Bacteria;D_1__Proteobacteria;D_2__Alphaproteobacteria;D_3__Rhizobiales;D_4__Rhizobiaceae",0,0.00217013888888889,0.000868055555555556,0,0.000868055555555556,0.00238715277777778,0.0243055555555556,0.000651041666666667,0.0193142361111111,0.00173611111111111,0,0.00629340277777778,0.000217013888888889,0,0.00173611111111111,0.000434027777777778,0.000434027777777778,0,0.013671875,0.00716145833333333,0.00824652777777778,0.00412326388888889,0.000434027777777778,0.000868055555555556,0,0.00260416666666667,0.001953125,0.000217013888888889,0.00130208333333333,0.0101996527777778,0.000868055555555556,0.000651041666666667,0.00347222222222222,0.00368923611111111,0.00737847222222222,0,0.0078125,0.00151909722222222,0,0,0,0.00151909722222222,0.000217013888888889,0.00759548611111111,0.0180121527777778,0.000651041666666667,0.005859375,0.000217013888888889
"110","D_0__Bacteria;D_1__Proteobacteria;D_2__Alphaproteobacteria;D_3__Rhizobiales;D_4__RhizobialesIncertaeSedis",0,0,0,0,0,0.00173611111111111,0,0,0,0,0,0,0,0,0,0,0,0,0,0,0,0,0,0,0,0,0,0,0,0,0,0,0,0,0,0,0,0,0,0,0,0,0,0,0,0,0,0
"111","D_0__Bacteria;D_1__Proteobacteria;D_2__Alphaproteobacteria;D_3__Rhizobiales;D_4__Xanthobacteraceae",0,0,0,0,0.000217013888888889,0.000651041666666667,0,0.00173611111111111,0.00629340277777778,0,0,0,0,0,0,0,0,0,0.00455729166666667,0.000434027777777778,0,0,0,0,0.000651041666666667,0,0,0,0,0.00151909722222222,0,0,0,0.00412326388888889,0,0,0,0,0,0,0,0,0,0,0.00477430555555556,0,0,0
"112","D_0__Bacteria;D_1__Proteobacteria;D_2__Alphaproteobacteria;D_3__Rhodobacterales;D_4__Rhodobacteraceae",0,0,0,0,0.00368923611111111,0,0,0.000868055555555556,0.00217013888888889,0,0.00282118055555556,0,0.000217013888888889,0,0,0,0,0.000868055555555556,0,0.000217013888888889,0.000434027777777778,0,0.000217013888888889,0,0,0,0.00477430555555556,0,0,0,0,0.000217013888888889,0.00173611111111111,0.00151909722222222,0.00455729166666667,0.009765625,0.00303819444444444,0,0,0,0,0,0,0.00434027777777778,0.00108506944444444,0,0.00130208333333333,0.00347222222222222
"113","D_0__Bacteria;D_1__Proteobacteria;D_2__Alphaproteobacteria;D_3__Rickettsiales;D_4__Anaplasmataceae",0,0,0,0,0,0.000217013888888889,0,0.000217013888888889,0,0,0,0,0,0.000217013888888889,0.000217013888888889,0,0.000434027777777778,0.000217013888888889,0.000217013888888889,0,0.000217013888888889,0.000217013888888889,0.000217013888888889,0,0,0.000434027777777778,0,0,0.000217013888888889,0,0,0,0,0,0,0.000217013888888889,0,0.000217013888888889,0.000434027777777778,0,0.000434027777777778,0,0.000434027777777778,0,0,0.000217013888888889,0.000434027777777778,0
"114","D_0__Bacteria;D_1__Proteobacteria;D_2__Alphaproteobacteria;D_3__Sphingomonadales;D_4__Sphingomonadaceae",0.00434027777777778,0,0.000217013888888889,0.00130208333333333,0.00694444444444444,0.000434027777777778,0.0154079861111111,0.00130208333333333,0.0212673611111111,0,0,0.0266927083333333,0.00217013888888889,0,0,0.000434027777777778,0,0.00130208333333333,0.0301649305555556,0.0123697916666667,0.0180121527777778,0.00434027777777778,0.000651041666666667,0,0.000434027777777778,0.00238715277777778,0,0,0.00434027777777778,0.0264756944444444,0,0,0,0.0147569444444444,0.00759548611111111,0.00303819444444444,0.000217013888888889,0,0,0,0.000651041666666667,0.00130208333333333,0,0.0112847222222222,0.0210503472222222,0.000651041666666667,0,0.00629340277777778
"115","D_0__Bacteria;D_1__Proteobacteria;D_2__Alphaproteobacteria;NA;NA",0,0,0,0,0,0,0,0,0,0,0,0,0,0,0,0,0,0,0,0,0,0,0,0,0,0,0,0,0,0,0,0,0,0.001953125,0,0,0,0,0,0,0,0,0,0,0,0,0,0
"116","D_0__Bacteria;D_1__Proteobacteria;D_2__Deltaproteobacteria;D_3__Bdellovibrionales;D_4__Bdellovibrionaceae",0,0.001953125,0,0,0.00260416666666667,0.000217013888888889,0,0,0,0,0,0,0,0,0,0,0,0,0,0.00108506944444444,0,0,0,0,0,0,0,0,0,0,0,0,0,0,0,0,0,0,0,0,0,0,0,0,0,0,0,0.00303819444444444
"117","D_0__Bacteria;D_1__Proteobacteria;D_2__Deltaproteobacteria;D_3__Myxococcales;D_4__BIrii41",0,0,0,0,0,0,0,0,0,0,0,0,0,0,0,0,0,0,0,0,0,0,0,0,0,0,0,0,0,0,0,0,0,0,0,0,0,0,0,0,0.000651041666666667,0,0,0,0,0,0,0
"118","D_0__Bacteria;D_1__Proteobacteria;D_2__Deltaproteobacteria;D_3__Myxococcales;D_4__Haliangiaceae",0,0,0,0,0,0,0,0,0.000434027777777778,0,0,0,0,0,0,0,0,0,0,0,0,0,0,0,0,0,0,0,0,0,0,0,0,0,0,0,0,0,0,0,0,0,0,0,0.000434027777777778,0,0,0
"119","D_0__Bacteria;D_1__Proteobacteria;D_2__Deltaproteobacteria;D_3__Myxococcales;D_4__Polyangiaceae",0,0,0,0,0.000868055555555556,0,0,0,0,0,0,0,0,0,0,0,0,0,0,0,0,0,0,0,0,0,0,0,0,0,0,0,0,0,0,0,0,0,0,0,0,0,0,0,0,0,0,0.000651041666666667
"120","D_0__Bacteria;D_1__Proteobacteria;D_2__Deltaproteobacteria;D_3__Myxococcales;NA",0,0,0,0,0,0,0,0,0,0,0,0,0,0,0,0,0,0,0,0,0,0,0,0,0,0,0,0,0,0.00651041666666667,0,0,0,0,0,0,0,0,0,0,0,0,0,0,0,0,0,0
"121","D_0__Bacteria;D_1__Proteobacteria;D_2__Deltaproteobacteria;D_3__Oligoflexales;D_4__Oligoflexaceae",0,0,0,0,0,0,0,0,0,0,0,0,0,0,0,0,0,0,0,0.000434027777777778,0,0,0,0,0,0,0,0,0,0,0,0,0,0,0,0,0,0,0,0,0,0,0,0,0,0,0,0
"122","D_0__Bacteria;D_1__Proteobacteria;D_2__Gammaproteobacteria;D_3__Aeromonadales;D_4__Aeromonadaceae",0.0863715277777778,0,0,0,0.000868055555555556,0,0,0,0.00390625,0,0,0.00455729166666667,0,0,0,0,0,0,0,0,0.000868055555555556,0.00455729166666667,0.00238715277777778,0,0,0,0.00651041666666667,0,0,0,0,0.000217013888888889,0.00455729166666667,0,0.00325520833333333,0,0.021484375,0,0,0,0.000217013888888889,0,0,0.00260416666666667,0.00542534722222222,0,0.00499131944444444,0.000217013888888889
"123","D_0__Bacteria;D_1__Proteobacteria;D_2__Gammaproteobacteria;D_3__Alteromonadales;D_4__Alteromonadaceae",0,0,0,0,0,0,0,0,0.00217013888888889,0,0,0,0,0,0,0,0,0,0,0,0,0,0,0,0,0.000217013888888889,0,0,0,0,0,0,0,0,0,0,0,0,0,0,0,0,0,0,0.00303819444444444,0,0,0
"124","D_0__Bacteria;D_1__Proteobacteria;D_2__Gammaproteobacteria;D_3__Alteromonadales;D_4__Psychromonadaceae",0,0,0,0,0,0,0,0,0,0,0,0,0,0,0,0,0,0,0,0,0.00130208333333333,0,0,0,0,0,0.00217013888888889,0,0,0,0,0,0,0,0,0,0,0,0,0,0,0,0,0,0,0,0,0
"125","D_0__Bacteria;D_1__Proteobacteria;D_2__Gammaproteobacteria;D_3__Alteromonadales;D_4__Shewanellaceae",0,0,0,0,0,0,0,0,0,0,0,0,0,0,0,0,0,0,0,0,0,0.000868055555555556,0,0,0,0,0,0,0,0,0,0,0,0,0,0,0,0,0,0,0.00173611111111111,0,0,0,0,0,0,0
"126","D_0__Bacteria;D_1__Proteobacteria;D_2__Gammaproteobacteria;D_3__Betaproteobacteriales;D_4__Burkholderiaceae",0.00260416666666667,0.00542534722222222,0.00824652777777778,0.017578125,0.0496961805555556,0.0325520833333333,0.0342881944444444,0.0266927083333333,0.238715277777778,0.000651041666666667,0.01171875,0.142795138888889,0.00846354166666667,0,0.00108506944444444,0.000434027777777778,0.001953125,0.005859375,0.200954861111111,0.0421006944444444,0.0138888888888889,0.0297309027777778,0.00303819444444444,0.000217013888888889,0.00151909722222222,0.00499131944444444,0.0681423611111111,0.000434027777777778,0.0197482638888889,0.180121527777778,0.000434027777777778,0.0177951388888889,0.0190972222222222,0.0980902777777778,0.286892361111111,0.00282118055555556,0.0451388888888889,0.000651041666666667,0.00173611111111111,0.00651041666666667,0.00217013888888889,0.0138888888888889,0.00130208333333333,0.268880208333333,0.203125,0.000217013888888889,0.025390625,0.0473090277777778
"127","D_0__Bacteria;D_1__Proteobacteria;D_2__Gammaproteobacteria;D_3__Betaproteobacteriales;D_4__Chromobacteriaceae",0,0,0,0,0,0,0,0,0,0,0,0,0,0,0,0,0,0,0,0.000868055555555556,0,0,0,0,0,0,0,0,0,0,0,0,0,0,0,0,0,0,0,0,0,0,0,0,0,0,0,0
"128","D_0__Bacteria;D_1__Proteobacteria;D_2__Gammaproteobacteria;D_3__Betaproteobacteriales;D_4__Methylophilaceae",0,0,0,0,0,0,0,0,0,0,0,0,0,0,0,0,0,0,0,0,0,0,0,0,0,0,0,0,0,0.00130208333333333,0,0,0,0,0,0,0,0,0,0,0,0,0,0,0,0,0,0
"129","D_0__Bacteria;D_1__Proteobacteria;D_2__Gammaproteobacteria;D_3__Betaproteobacteriales;D_4__Neisseriaceae",0,0.0162760416666667,0.000651041666666667,0.00238715277777778,0,0,0,0,0,0,0.000434027777777778,0.000868055555555556,0,0,0,0,0,0.000868055555555556,0,0.000651041666666667,0,0,0,0,0.000217013888888889,0,0,0,0,0,0,0,0,0,0,0,0.00282118055555556,0,0.00151909722222222,0,0,0,0,0.000217013888888889,0,0,0,0
"130","D_0__Bacteria;D_1__Proteobacteria;D_2__Gammaproteobacteria;D_3__Betaproteobacteriales;D_4__Rhodocyclaceae",0,0,0,0,0,0,0,0,0,0,0,0.005859375,0,0,0,0,0,0,0,0,0,0,0,0,0,0,0,0,0,0,0,0,0,0,0,0,0,0,0,0,0,0,0,0,0,0,0,0
"131","D_0__Bacteria;D_1__Proteobacteria;D_2__Gammaproteobacteria;D_3__Betaproteobacteriales;D_4__SC-I-84",0,0,0,0,0,0,0,0.000217013888888889,0.00368923611111111,0,0,0,0,0,0,0,0,0,0,0,0,0,0,0,0,0,0,0,0,0,0,0,0,0,0,0,0,0,0,0,0,0,0,0,0.00368923611111111,0,0,0
"132","D_0__Bacteria;D_1__Proteobacteria;D_2__Gammaproteobacteria;D_3__Cardiobacteriales;D_4__Wohlfahrtiimonadaceae",0,0,0,0,0,0.000868055555555556,0,0,0,0,0,0,0,0,0,0,0,0,0,0.00347222222222222,0,0,0,0,0,0,0,0,0,0,0,0,0,0,0,0,0,0,0,0,0,0,0,0,0,0,0,0
"133","D_0__Bacteria;D_1__Proteobacteria;D_2__Gammaproteobacteria;D_3__Cellvibrionales;D_4__Cellvibrionaceae",0,0,0,0,0.000868055555555556,0,0,0,0,0,0,0,0,0,0,0,0,0,0,0.000217013888888889,0.000217013888888889,0,0,0,0,0,0,0,0,0,0,0,0,0.000217013888888889,0,0,0,0,0,0,0,0,0,0,0,0,0,0.000868055555555556
"134","D_0__Bacteria;D_1__Proteobacteria;D_2__Gammaproteobacteria;D_3__Diplorickettsiales;D_4__Diplorickettsiaceae",0,0,0,0,0,0,0,0,0,0,0,0,0,0,0,0,0,0,0,0,0,0,0,0,0,0,0,0,0,0,0,0,0.000868055555555556,0,0,0,0,0,0,0,0,0,0,0,0,0,0.00130208333333333,0
"135","D_0__Bacteria;D_1__Proteobacteria;D_2__Gammaproteobacteria;D_3__Enterobacteriales;D_4__Enterobacteriaceae",0.0501302083333333,0.0171440972222222,0.0299479166666667,0.0540364583333333,0.0290798611111111,0.0154079861111111,0.0746527777777778,0.174696180555556,0.0713975694444444,0.00390625,0.009765625,0.0713975694444444,0.00564236111111111,0.00130208333333333,0.00303819444444444,0.924045138888889,0.00455729166666667,0.00607638888888889,0.0926649305555556,0.0301649305555556,0.0151909722222222,0.0119357638888889,0.00542534722222222,0.00325520833333333,0.00151909722222222,0.0342881944444444,0.0579427083333333,0.00108506944444444,0.336154513888889,0.0570746527777778,0.000651041666666667,0.00434027777777778,0.0264756944444444,0.0336371527777778,0.0516493055555556,0.00846354166666667,0.0831163194444444,0.0173611111111111,0.00368923611111111,0.0264756944444444,0.00802951388888889,0.0158420138888889,0.00173611111111111,0.0620659722222222,0.207248263888889,0.921657986111111,0.0249565972222222,0.0308159722222222
"136","D_0__Bacteria;D_1__Proteobacteria;D_2__Gammaproteobacteria;D_3__Legionellales;D_4__Legionellaceae",0,0,0,0,0,0,0,0,0,0,0,0,0,0,0,0,0,0,0,0.00173611111111111,0,0,0,0,0,0,0,0,0,0.000217013888888889,0,0,0,0,0,0,0,0,0,0,0,0,0,0,0,0,0,0
"137","D_0__Bacteria;D_1__Proteobacteria;D_2__Gammaproteobacteria;D_3__Oceanospirillales;D_4__Halomonadaceae",0,0,0,0,0,0,0,0,0,0,0,0,0,0,0,0,0,0,0,0,0,0,0,0,0,0,0,0,0,0,0,0.000434027777777778,0,0,0.00173611111111111,0,0,0,0,0,0,0,0,0.00108506944444444,0,0,0,0
"138","D_0__Bacteria;D_1__Proteobacteria;D_2__Gammaproteobacteria;D_3__Oceanospirillales;D_4__Marinomonadaceae",0,0,0,0,0,0,0,0,0,0,0,0,0,0,0,0,0,0,0,0,0,0,0,0,0,0,0,0,0,0,0,0.000217013888888889,0,0,0,0,0,0,0,0,0,0,0,0,0,0,0,0
"139","D_0__Bacteria;D_1__Proteobacteria;D_2__Gammaproteobacteria;D_3__Pasteurellales;D_4__Pasteurellaceae",0,0.0796440972222222,0.005859375,0.00217013888888889,0,0,0,0.00217013888888889,0,0.000651041666666667,0.00564236111111111,0.00347222222222222,0,0,0,0,0,0,0,0.000868055555555556,0,0,0,0,0,0.000651041666666667,0,0,0.000868055555555556,0.00130208333333333,0,0,0.00303819444444444,0,0.00108506944444444,0.000651041666666667,0,0.000868055555555556,0.00108506944444444,0.00911458333333333,0,0,0,0.00108506944444444,0,0,0,0
"140","D_0__Bacteria;D_1__Proteobacteria;D_2__Gammaproteobacteria;D_3__Pseudomonadales;D_4__Moraxellaceae",0.0112847222222222,0.000868055555555556,0.00954861111111111,0.0401475694444444,0.0355902777777778,0.00368923611111111,0.0232204861111111,0.0158420138888889,0.103298611111111,0,0.00607638888888889,0.215711805555556,0.00520833333333333,0,0.00520833333333333,0.00238715277777778,0,0.00802951388888889,0.0301649305555556,0.0138888888888889,0.0696614583333333,0.00108506944444444,0.00651041666666667,0,0.00151909722222222,0.0121527777777778,0.0121527777777778,0.00130208333333333,0.0101996527777778,0.0193142361111111,0,0.00499131944444444,0.0171440972222222,0.025390625,0.0256076388888889,0,0.060546875,0,0.000868055555555556,0,0.00130208333333333,0.000217013888888889,0.000217013888888889,0.0190972222222222,0.0941840277777778,0.00151909722222222,0.0190972222222222,0.0325520833333333
"141","D_0__Bacteria;D_1__Proteobacteria;D_2__Gammaproteobacteria;D_3__Pseudomonadales;D_4__Pseudomonadaceae",0.00238715277777778,0.000434027777777778,0.000434027777777778,0.000217013888888889,0.0106336805555556,0.0106336805555556,0.0305989583333333,0.00477430555555556,0.0570746527777778,0.000868055555555556,0.00434027777777778,0.0731336805555556,0.00737847222222222,0,0.000217013888888889,0,0,0.00130208333333333,0.0336371527777778,0.0128038194444444,0.0970052083333333,0.00542534722222222,0.00260416666666667,0,0,0,0.00238715277777778,0,0.125868055555556,0.0325520833333333,0,0.001953125,0.0225694444444444,0.0106336805555556,0.0427517361111111,0,0.00868055555555555,0,0,0.00368923611111111,0.00151909722222222,0.00303819444444444,0.000434027777777778,0.0447048611111111,0.0503472222222222,0.000651041666666667,0.0199652777777778,0.0115017361111111
"142","D_0__Bacteria;D_1__Proteobacteria;D_2__Gammaproteobacteria;D_3__Vibrionales;D_4__Vibrionaceae",0,0,0,0,0,0,0,0,0,0,0,0,0,0,0,0,0,0,0,0.00260416666666667,0,0,0,0,0,0,0,0,0,0,0,0,0,0,0,0,0,0,0,0,0,0,0,0,0,0,0,0
"143","D_0__Bacteria;D_1__Proteobacteria;D_2__Gammaproteobacteria;D_3__Xanthomonadales;D_4__Rhodanobacteraceae",0,0,0,0,0,0,0,0,0,0,0,0,0,0,0,0,0,0,0,0.00173611111111111,0,0,0,0,0,0,0,0,0,0,0,0,0,0.00368923611111111,0,0,0,0,0,0,0,0,0,0,0,0,0,0
"144","D_0__Bacteria;D_1__Proteobacteria;D_2__Gammaproteobacteria;D_3__Xanthomonadales;D_4__Xanthomonadaceae",0,0,0,0,0.00173611111111111,0.000434027777777778,0,0.000868055555555556,0.009765625,0,0,0,0.00151909722222222,0,0,0.000434027777777778,0,0,0,0.00260416666666667,0,0,0,0,0.00108506944444444,0,0,0,0.00260416666666667,0.00499131944444444,0,0,0,0.000434027777777778,0,0,0.000217013888888889,0,0,0,0,0,0,0,0.009765625,0.000434027777777778,0.000217013888888889,0.00173611111111111
"145","D_0__Bacteria;D_1__Proteobacteria;D_2__Gammaproteobacteria;NA;NA",0,0,0,0,0,0,0,0,0,0,0,0,0,0,0,0,0,0,0,0,0,0,0,0,0,0,0,0,0,0,0,0,0,0,0,0,0,0,0,0,0,0,0.000217013888888889,0,0,0,0,0
"146","D_0__Bacteria;D_1__Spirochaetes;D_2__Spirochaetia;D_3__Spirochaetales;D_4__Spirochaetaceae",0,0,0.00217013888888889,0,0,0,0,0,0,0,0,0,0,0,0,0,0,0,0,0,0,0,0,0,0,0,0,0,0,0,0,0,0,0,0,0,0,0,0,0,0,0,0,0,0,0,0,0
"147","D_0__Bacteria;D_1__Synergistetes;D_2__Synergistia;D_3__Synergistales;D_4__Synergistaceae",0,0,0,0,0,0,0,0,0,0,0,0,0,0,0,0,0,0,0,0,0,0,0,0,0,0,0,0,0,0,0,0,0,0,0,0,0,0,0,0,0,0,0.000217013888888889,0,0,0,0,0
"148","D_0__Bacteria;D_1__Tenericutes;D_2__Mollicutes;D_3__Entomoplasmatales;D_4__Spiroplasmataceae",0,0,0,0,0,0.00260416666666667,0,0,0,0,0,0,0,0,0,0,0,0,0,0,0,0,0,0,0,0,0,0,0,0,0,0,0,0,0,0,0,0,0,0,0,0,0,0,0,0,0,0
"149","D_0__Bacteria;D_1__Tenericutes;D_2__Mollicutes;D_3__Mycoplasmatales;D_4__Mycoplasmataceae",0,0,0.000217013888888889,0,0,0.00108506944444444,0,0,0.00282118055555556,0.0690104166666667,0,0,0,0,0.029296875,0,0,0.000651041666666667,0.00455729166666667,0.00217013888888889,0,0.0438368055555556,0.000217013888888889,0,0.00130208333333333,0.146484375,0.0284288194444444,0.000217013888888889,0.00130208333333333,0,0.00347222222222222,0.000217013888888889,0.0223524305555556,0.0501302083333333,0.337239583333333,0.000868055555555556,0.0462239583333333,0.373046875,0,0.01171875,0.00412326388888889,0.0464409722222222,0,0.3515625,0.00238715277777778,0,0.0193142361111111,0
"150","D_0__Bacteria;D_1__Verrucomicrobia;D_2__Verrucomicrobiae;D_3__Chthoniobacterales;D_4__Chthoniobacteraceae",0,0,0,0,0,0,0,0,0.00130208333333333,0,0.000434027777777778,0,0,0,0,0,0,0,0,0.00217013888888889,0,0,0,0,0,0,0,0,0.001953125,0,0,0,0,0,0,0,0,0,0,0,0,0,0,0,0.00130208333333333,0,0,0.000217013888888889
"151","D_0__Bacteria;D_1__Verrucomicrobia;D_2__Verrucomicrobiae;D_3__Verrucomicrobiales;D_4__Akkermansiaceae",0,0,0,0,0.00238715277777778,0,0.00390625,0.000651041666666667,0,0,0,0,0,0,0,0,0,0,0,0,0,0,0,0,0,0,0,0,0,0,0,0,0,0,0,0,0,0,0,0,0,0,0,0,0,0,0,0.00173611111111111
"152","D_0__Bacteria;D_1__Verrucomicrobia;D_2__Verrucomicrobiae;D_3__Verrucomicrobiales;D_4__Rubritaleaceae",0,0,0,0,0,0,0,0,0,0,0,0,0,0,0,0,0,0,0,0,0,0,0,0,0,0,0,0,0,0,0,0,0,0,0,0,0,0,0,0,0,0,0,0,0,0,0,0.000434027777777778
"153","D_0__Bacteria;D_1__Verrucomicrobia;D_2__Verrucomicrobiae;D_3__Verrucomicrobiales;D_4__Verrucomicrobiaceae",0,0,0,0,0,0,0,0.000868055555555556,0,0,0,0,0,0,0,0,0,0,0,0,0,0,0,0,0,0,0,0,0,0,0,0,0,0,0,0,0,0,0,0,0,0,0,0,0,0,0,0
"154","D_0__Bacteria;D_1__WPS-2;Ambiguous_taxa;Ambiguous_taxa;Ambiguous_taxa",0,0,0,0,0,0,0,0,0,0,0,0,0,0,0,0,0,0,0,0,0,0,0,0,0,0,0,0,0,0,0,0,0,0.000217013888888889,0,0,0,0,0,0,0,0,0,0,0,0,0,0
